ministry_key,ministry_group,ministry_names_as_printed,industry,rationale
Capital Outlay on Defence Services,Defence,Capital Outlay on Defence Services | Defence Services,Aerospace & Defense,"Capital outlay buys aircraft, aero-engines, missiles, radars, electronics and armoured vehicles (HAL/BEL/BDL-type orders)."
Capital Outlay on Defence Services,Defence,Capital Outlay on Defence Services | Defence Services,Ship Building & Allied Services,"Naval fleet and dockyard projects are a capital-outlay head; defence shipyards (MDL, Cochin Shipyard) are in this industry."
Railways,Railways,Ministry of Railways | Railways,Railway Wagons,"Rolling stock (wagons, coaches, metro/Vande Bharat sets) is procured from railway capital expenditure."
Railways,Railways,Ministry of Railways | Railways,Civil Construction,"New lines, doubling, gauge conversion, electrification and station works are EPC contracts (RVNL, IRCON, RITES are in this industry)."
Railways,Railways,Ministry of Railways | Railways,Heavy Electrical Equipment,"Electric locomotive propulsion and traction equipment contracts (e.g. Siemens, BHEL, ABB) are charged to railway capital."
Road Transport and Highways,Road Transport and Highways,Ministry of Road Transport and Highways | Road Transport and Highways,Civil Construction,National-highway EPC and HAM construction contracts are paid from MoRTH capital outlay.
Road Transport and Highways,Road Transport and Highways,Ministry of Road Transport and Highways | Road Transport and Highways,"Road AssetsToll, Annuity, Hybrid-Annuity",HAM/BOT road-asset owners receive MoRTH construction-period and annuity payments.
Housing and Urban Affairs,Housing and Urban Affairs,Ministry of Housing and Urban Affairs,Civil Construction,"Capital goes as equity/sub-debt to metro-rail projects whose civil works are EPC contracts (NBCC, L&T-type)."
Housing and Urban Affairs,Housing and Urban Affairs,Ministry of Housing and Urban Affairs,Railway Wagons,Metro rolling stock is bought by metro SPVs funded through MoHUA capital (Titagarh-type coach makers).
Urban Development,Housing and Urban Affairs,Ministry of Urban Development | Urban Development,Civil Construction,Pre-merger (to 2017-18) home of the metro-rail capital outlay; same channel as Housing and Urban Affairs.
Power,Power,Ministry of Power | Power,Power Generation,Ministry of Power capital is equity/loans to central generation PSUs (NTPC/NHPC/SJVN-type hydro and thermal projects).
Power,Power,Ministry of Power | Power,Power - Transmission,"Central transmission-strengthening schemes (NE, J&K, Ladakh) are capital works executed by transmission utilities."
Power,Power,Ministry of Power | Power,Heavy Electrical Equipment,"Boilers, turbines and generators for central power projects (BHEL-type orders)."
New and Renewable Energy,New and Renewable Energy,Ministry of New and Renewable Energy | New and Renewable Energy,Power Generation,MNRE capital supports renewable generation projects of central PSUs (e.g. SECI).
New and Renewable Energy,New and Renewable Energy,Ministry of New and Renewable Energy | New and Renewable Energy,Other Electrical Equipment,"Solar modules/cells makers (Waaree, Premier Energies are in this industry) supply MNRE-funded capacity."
New and Renewable Energy,New and Renewable Energy,Ministry of New and Renewable Energy | New and Renewable Energy,Financial Institution,MNRE is the capital provider of IREDA (equity infusions are MNRE capital).
Drinking Water and Sanitation,Jal Shakti,Department of Drinking Water and Sanitation | Drinking Water and Sanitation | Ministry of Drinking Water and Sanitation,Water Supply & Management,Jal Jeevan Mission / Swachh Bharat water-supply works (mostly as grants for creation of capital assets).
Drinking Water and Sanitation,Jal Shakti,Department of Drinking Water and Sanitation | Drinking Water and Sanitation | Ministry of Drinking Water and Sanitation,Plastic Products - Industrial,Jal Jeevan Mission household tap connections are built with PVC/HDPE pipes.
Drinking Water and Sanitation,Jal Shakti,Department of Drinking Water and Sanitation | Drinking Water and Sanitation | Ministry of Drinking Water and Sanitation,Iron & Steel Products,"Jal Jeevan Mission trunk mains use ductile-iron / steel pipes (Jindal Saw, Electrosteel are in this industry)."
"Water Resources, River Development and Ganga Rejuvenation",Jal Shakti,"Department of Water Resources, River Development and Ganga Rejuvenation | Ministry of Water Resources, River Development and Ganga Rejuvenation | Water Resources, River Development and Ganga Rejuvenation",Civil Construction,"Dams, irrigation and river-linking works (e.g. Polavaram, Ken-Betwa) are EPC contracts."
"Water Resources, River Development and Ganga Rejuvenation",Jal Shakti,"Department of Water Resources, River Development and Ganga Rejuvenation | Ministry of Water Resources, River Development and Ganga Rejuvenation | Water Resources, River Development and Ganga Rejuvenation",Water Supply & Management,Namami Gange sewage-treatment and water-treatment plants (Wabag-type contracts).
Telecommunications,Communications,Department of Telecommunications | Telecommunications,Telecom -  Equipment & Accessories,"BSNL 4G/5G and BharatNet capital is spent on RAN, optical and transmission equipment (ITI, Tejas, STL are in this industry)."
Telecommunications,Communications,Department of Telecommunications | Telecommunications,Telecom - Infrastructure,BharatNet optical-fibre roll-out contracts (HFCL-type).
Telecommunications,Communications,Department of Telecommunications | Telecommunications,Telecom - Cellular & Fixed line services,DoT capital infusions and revival packages for BSNL/MTNL (MTNL is in this industry).
Petroleum and Natural Gas,Petroleum and Natural Gas,Ministry of Petroleum and Natural Gas | Petroleum and Natural Gas,Refineries & Marketing,Capital support to oil marketing companies (e.g. BE 2023-24 capital support for energy transition) is MoPNG capital.
Petroleum and Natural Gas,Petroleum and Natural Gas,Ministry of Petroleum and Natural Gas | Petroleum and Natural Gas,Oil Storage & Transportation,Strategic Petroleum Reserve caverns (ISPRL) are MoPNG capital projects.
Petroleum and Natural Gas,Petroleum and Natural Gas,Ministry of Petroleum and Natural Gas | Petroleum and Natural Gas,Gas Transmission/Marketing,"Capital grant / viability-gap support to national gas-grid pipelines (e.g. Urja Ganga, NE gas grid)."
Civil Aviation,Civil Aviation,Civil Aviation | Ministry of Civil Aviation,Airport & Airport services,"MoCA capital funds airport works (AAI, regional-connectivity airports); NB the 2021-22 spike (~Rs 66,900 cr) was Air India legacy debt, not airports."
"Ports, Shipping and Waterways","Ports, Shipping and Waterways","Ministry of Ports, Shipping and Waterways | Ministry of Shipping | Shipping",Port & Port services,Port and Sagarmala port-infrastructure capital.
"Ports, Shipping and Waterways","Ports, Shipping and Waterways","Ministry of Ports, Shipping and Waterways | Ministry of Shipping | Shipping",Ship Building & Allied Services,Shipbuilding financial assistance and shipyard (Cochin Shipyard) capital are administered by this ministry.
"Ports, Shipping and Waterways","Ports, Shipping and Waterways","Ministry of Ports, Shipping and Waterways | Ministry of Shipping | Shipping",Dredging,Inland-waterway (IWAI) and port channel dredging capital (Dredging Corporation is in this industry).
Health and Family Welfare,Health and Family Welfare,Department of Health and Family Welfare | Health and Family Welfare,Medical Equipment & Supplies,New AIIMS / PMSSY / health-infrastructure capital buys medical equipment.
Steel,Steel,Ministry of Steel | Steel,Iron & Steel,"Ministry of Steel capital is equity/loans to steel PSUs (SAIL, RINL, NMDC Steel-type)."
Heavy Industries,Heavy Industries,Department of Heavy Industry | Heavy Industry | Ministry of Heavy Industries,Heavy Electrical Equipment,Administrative ministry of BHEL and other heavy-engineering CPSEs; its capital goes to these CPSEs and capital-goods schemes.
Heavy Industries,Heavy Industries,Department of Heavy Industry | Heavy Industry | Ministry of Heavy Industries,Industrial Machinery,Scheme for enhancement of competitiveness in the capital-goods (machine-tool) sector.
Electronics and Information Technology,Electronics and Information Technology,Electronics and Information Technology | Ministry of Electronics and Information Technology,Consumer Electronics,"Electronics manufacturing (mobile/IT-hardware PLI, EMC) is MeitY's industrial programme (Dixon-type EMS)."
Electronics and Information Technology,Electronics and Information Technology,Electronics and Information Technology | Ministry of Electronics and Information Technology,Computers Hardware & Equipments,IT-hardware PLI and semiconductor/display programmes target this industry.
Atomic Energy,Atomic Energy,Atomic Energy,Power Generation,DAE capital funds nuclear power projects (NPCIL equity).
Atomic Energy,Atomic Energy,Atomic Energy,Heavy Electrical Equipment,Turbine-generator and heavy-equipment packages for nuclear power projects.
Space,Space,Department of Space | Space,Aerospace & Defense,Launch vehicles and satellites are Department of Space capital projects.
Financial Services,Financial Services,Department of Financial Services | Financial Services,Public Sector Bank,Recapitalisation of public sector banks is Department of Financial Services capital expenditure.
Financial Services,Financial Services,Department of Financial Services | Financial Services,General Insurance,"Capital infusion in public sector general insurers (New India, United, Oriental, National)."
Financial Services,Financial Services,Department of Financial Services | Financial Services,Financial Institution,"Equity in development financial institutions (EXIM, NaBFID, IIFCL, SIDBI-type)."
Fertilisers,Fertilisers,Department of Fertilisers | Fertilisers,Fertilizers,"Department of Fertilisers' capital goes to fertiliser PSUs/plants, i.e. to the industry itself (small and sporadic)."
