feature,year,covered_pct,nonzero_pct,model_feature
ret5,2016,99.82569867413486,,True
ret5,2017,99.86735472616928,,True
ret5,2018,99.91645915334566,,True
ret5,2019,99.88455144387662,,True
ret5,2020,99.90647297521534,,True
ret5,2021,99.83453296930587,,True
ret5,2022,99.87839481151197,,True
ret5,2023,99.85936773593677,,True
ret5,2024,99.88204939181718,,True
ret5,2025,99.85701682333972,,True
ret5,2026,99.64076532604452,,True
ret20,2016,99.29887781281212,,True
ret20,2017,99.45306537776646,,True
ret20,2018,99.64816451120572,,True
ret20,2019,99.53050920509821,,True
ret20,2020,99.6243834004616,,True
ret20,2021,99.3202062822316,,True
ret20,2022,99.46350652137629,,True
ret20,2023,99.42933519293352,,True
ret20,2024,99.48923174135118,,True
ret20,2025,99.37229371381055,,True
ret20,2026,98.51620460757516,,True
ret60,2016,97.97497111298252,,True
ret60,2017,98.27742849874623,,True
ret60,2018,98.91878865772351,,True
ret60,2019,98.60384212794779,,True
ret60,2020,98.86108219818678,,True
ret60,2021,97.93441990016822,,True
ret60,2022,98.11511957843535,,True
ret60,2023,98.12529056252906,,True
ret60,2024,98.25075035543152,,True
ret60,2025,97.8288866579457,,True
ret60,2026,96.962124170246,,True
ret126,2016,95.81480973737294,,True
ret126,2017,96.42402878220736,,True
ret126,2018,97.37810265884809,,True
ret126,2019,97.34006526691707,,True
ret126,2020,97.60450136519286,,True
ret126,2021,95.55858911778495,,True
ret126,2022,95.45411192446171,,True
ret126,2023,96.10297536029753,,True
ret126,2024,96.13501132115212,,True
ret126,2025,95.47118534067516,,True
ret126,2026,93.36717428087987,,True
ret252,2016,90.16274651886958,,True
ret252,2017,92.22480648326489,,True
ret252,2018,94.24210779982329,,True
ret252,2019,95.19426143710362,,True
ret252,2020,94.5316860508968,,True
ret252,2021,92.12790601472656,,True
ret252,2022,90.3967667326355,,True
ret252,2023,92.30357973035798,,True
ret252,2024,91.922489600337,,True
ret252,2025,91.3936296431505,,True
ret252,2026,89.0771833919042,,True
off_high,2016,98.01022306652827,,True
off_high,2017,98.3101355525675,,True
off_high,2018,98.93485420515704,,True
off_high,2019,98.60999938427437,,True
off_high,2020,98.87767570258406,,True
off_high,2021,97.97302887399685,,True
off_high,2022,98.15446243353442,,True
off_high,2023,98.15318456531845,,True
off_high,2024,98.27813174661682,,True
off_high,2025,97.85221015484774,,True
off_high,2026,97.00898086684889,,True
off_low,2016,98.01022306652827,,True
off_low,2017,98.3101355525675,,True
off_low,2018,98.93485420515704,,True
off_low,2019,98.60999938427437,,True
off_low,2020,98.87767570258406,,True
off_low,2021,97.97302887399685,,True
off_low,2022,98.15446243353442,,True
off_low,2023,98.15318456531845,,True
off_low,2024,98.27813174661682,,True
off_low,2025,97.85221015484774,,True
off_low,2026,97.00898086684889,,True
dvol20,2016,99.4673038130863,,True
dvol20,2017,99.59479594432533,,True
dvol20,2018,99.73652502209013,,True
dvol20,2019,99.65057570346654,,True
dvol20,2020,99.71640192484651,,True
dvol20,2021,99.49946223215025,,True
dvol20,2022,99.6101480722001,,True
dvol20,2023,99.57926545792655,,True
dvol20,2024,99.63456374071929,,True
dvol20,2025,99.54975510328254,,True
dvol20,2026,98.90928022907718,,True
dvol60,2016,98.62713225357905,,True
dvol60,2017,98.86433840898353,,True
dvol60,2018,99.29311591292473,,True
dvol60,2019,99.05486115386984,,True
dvol60,2020,99.25178380172271,,True
dvol60,2021,98.61697140178153,,True
dvol60,2022,98.82805980113976,,True
dvol60,2023,98.80520688052069,,True
dvol60,2024,98.87315043968195,,True
dvol60,2025,98.62289961769747,,True
dvol60,2026,97.74827541325003,,True
volume_vs_20d,2016,99.33412976635788,,True
volume_vs_20d,2017,99.48395537304212,,True
volume_vs_20d,2018,99.6626235038959,,True
volume_vs_20d,2019,99.53974508958808,,True
volume_vs_20d,2020,99.64248540525863,,True
volume_vs_20d,2021,99.36157303990514,,True
volume_vs_20d,2022,99.49211950690288,,True
volume_vs_20d,2023,99.4560669456067,,True
volume_vs_20d,2024,99.50924121952504,,True
volume_vs_20d,2025,99.39865940596067,,True
volume_vs_20d,2026,98.55525185474424,,True
volume_vs_60d,2016,98.01022306652827,,True
volume_vs_60d,2017,98.3101355525675,,True
volume_vs_60d,2018,98.93485420515704,,True
volume_vs_60d,2019,98.60999938427437,,True
volume_vs_60d,2020,98.87767570258406,,True
volume_vs_60d,2021,97.97302887399685,,True
volume_vs_60d,2022,98.15446243353442,,True
volume_vs_60d,2023,98.15318456531845,,True
volume_vs_60d,2024,98.27813174661682,,True
volume_vs_60d,2025,97.85221015484774,,True
volume_vs_60d,2026,97.00898086684889,,True
traded_value_vs_60d,2016,98.01022306652827,,True
traded_value_vs_60d,2017,98.3101355525675,,True
traded_value_vs_60d,2018,98.93485420515704,,True
traded_value_vs_60d,2019,98.60999938427437,,True
traded_value_vs_60d,2020,98.87767570258406,,True
traded_value_vs_60d,2021,97.97302887399685,,True
traded_value_vs_60d,2022,98.15446243353442,,True
traded_value_vs_60d,2023,98.15318456531845,,True
traded_value_vs_60d,2024,98.27813174661682,,True
traded_value_vs_60d,2025,97.85221015484774,,True
traded_value_vs_60d,2026,97.00898086684889,,True
delivery_pct,2016,98.16102309002957,,True
delivery_pct,2017,94.87044372569684,,True
delivery_pct,2018,94.44132058799903,,True
delivery_pct,2019,95.9115817991503,,True
delivery_pct,2020,93.93431989259477,,True
delivery_pct,2021,90.76831857918977,,True
delivery_pct,2022,92.99339516917428,,True
delivery_pct,2023,90.13714551371456,,True
delivery_pct,2024,86.21452266863251,,True
delivery_pct,2025,90.18790625982376,,True
delivery_pct,2026,95.05401535858388,,True
avg_delivery_pct_20d,2016,97.2797242513856,,True
avg_delivery_pct_20d,2017,93.3986263037395,,True
avg_delivery_pct_20d,2018,92.65965137762069,,True
avg_delivery_pct_20d,2019,94.55236746505757,,True
avg_delivery_pct_20d,2020,91.79375782534582,,True
avg_delivery_pct_20d,2021,87.86023551474035,,True
avg_delivery_pct_20d,2022,90.59944204678223,,True
avg_delivery_pct_20d,2023,88.11715481171548,,True
avg_delivery_pct_20d,2024,83.1509662471697,,True
avg_delivery_pct_20d,2025,87.18221735470982,,True
avg_delivery_pct_20d,2026,92.63308603410127,,True
delivery_pct_vs_20d,2016,97.2797242513856,,True
delivery_pct_vs_20d,2017,93.3986263037395,,True
delivery_pct_vs_20d,2018,92.65965137762069,,True
delivery_pct_vs_20d,2019,94.55236746505757,,True
delivery_pct_vs_20d,2020,91.79375782534582,,True
delivery_pct_vs_20d,2021,87.86023551474035,,True
delivery_pct_vs_20d,2022,90.59944204678223,,True
delivery_pct_vs_20d,2023,88.11715481171548,,True
delivery_pct_vs_20d,2024,83.1509662471697,,True
delivery_pct_vs_20d,2025,87.18221735470982,,True
delivery_pct_vs_20d,2026,92.63308603410127,,True
rsi_14_daily,2016,99.50255576663207,,True
rsi_14_daily,2017,99.62568593960097,,True
rsi_14_daily,2018,99.75259056952366,,True
rsi_14_daily,2019,99.65827227387476,,True
rsi_14_daily,2020,99.73450392964354,,True
rsi_14_daily,2021,99.53807120597887,,True
rsi_14_daily,2022,99.63756884999643,,True
rsi_14_daily,2023,99.6048349604835,,True
rsi_14_daily,2024,99.65457321889316,,True
rsi_14_daily,2025,99.57409266526726,,True
rsi_14_daily,2026,98.95353377586879,,True
rsi_14_weekly,2016,97.73995808934411,,True
rsi_14_weekly,2017,98.05211323908857,,True
rsi_14_weekly,2018,98.75010040967146,,True
rsi_14_weekly,2019,98.47761837325287,,True
rsi_14_weekly,2020,98.7298426634083,,True
rsi_14_weekly,2021,97.6558837318331,,True
rsi_14_weekly,2022,97.79441569899139,,True
rsi_14_weekly,2023,97.8300790330079,,True
rsi_14_weekly,2024,98.01484913906587,,True
rsi_14_weekly,2025,97.51148428706155,,True
rsi_14_weekly,2026,96.64453989327086,,True
rsi_14_monthly,2016,69.59127318305556,,True
rsi_14_monthly,2017,90.87109786677327,,True
rsi_14_monthly,2018,92.9729295525745,,True
rsi_14_monthly,2019,94.38458223015824,,True
rsi_14_monthly,2020,93.57077129625439,,True
rsi_14_monthly,2021,91.13234604671686,,True
rsi_14_monthly,2022,88.85643434512029,,True
rsi_14_monthly,2023,90.85076708507671,,True
rsi_14_monthly,2024,90.51129482386393,,True
rsi_14_monthly,2025,90.02565584659223,,True
rsi_14_monthly,2026,87.73916438891058,,True
px_sma50,2016,98.3353244158947,,True
px_sma50,2017,98.59723080277647,,True
px_sma50,2018,99.12603421961603,,True
px_sma50,2019,98.83319992611293,,True
px_sma50,2020,99.07528925495164,,True
px_sma50,2021,98.30534182730759,,True
px_sma50,2022,98.51450916807745,,True
px_sma50,2023,98.50302185030219,,True
px_sma50,2024,98.58985835395714,,True
px_sma50,2025,98.25377992759576,,True
px_sma50,2026,97.39945333853963,,True
px_sma200,2016,93.75257045494605,,True
px_sma200,2017,94.0745720827125,,True
px_sma200,2018,95.55305647039923,,True
px_sma200,2019,96.13170371282557,,True
px_sma200,2020,95.81692839148602,,True
px_sma200,2021,93.43785334105513,,True
px_sma200,2022,92.45690169055057,,True
px_sma200,2023,93.98419339841934,,True
px_sma200,2024,93.66857985361487,,True
px_sma200,2025,93.09725898208147,,True
px_sma200,2026,90.33190160093713,,True
sma50_200,2016,93.75257045494605,,True
sma50_200,2017,94.0745720827125,,True
sma50_200,2018,95.55305647039923,,True
sma50_200,2019,96.13170371282557,,True
sma50_200,2020,95.81692839148602,,True
sma50_200,2021,93.43785334105513,,True
sma50_200,2022,92.45690169055057,,True
sma50_200,2023,93.98419339841934,,True
sma50_200,2024,93.66857985361487,,True
sma50_200,2025,93.09725898208147,,True
sma50_200,2026,90.33190160093713,,True
uc20,2016,100.0,,True
uc20,2017,100.0,,True
uc20,2018,100.0,,True
uc20,2019,100.0,,True
uc20,2020,100.0,,True
uc20,2021,100.0,,True
uc20,2022,100.0,,True
uc20,2023,100.0,,True
uc20,2024,100.0,,True
uc20,2025,100.0,,True
uc20,2026,100.0,,True
up20,2016,100.0,,True
up20,2017,100.0,,True
up20,2018,100.0,,True
up20,2019,100.0,,True
up20,2020,100.0,,True
up20,2021,100.0,,True
up20,2022,100.0,,True
up20,2023,100.0,,True
up20,2024,100.0,,True
up20,2025,100.0,,True
up20,2026,100.0,,True
log_mcap,2016,100.0,,True
log_mcap,2017,100.0,,True
log_mcap,2018,100.0,,True
log_mcap,2019,100.0,,True
log_mcap,2020,100.0,,True
log_mcap,2021,100.0,,True
log_mcap,2022,100.0,,True
log_mcap,2023,100.0,,True
log_mcap,2024,100.0,,True
log_mcap,2025,100.0,,True
log_mcap,2026,100.0,,True
log_adv,2016,99.33412976635788,,True
log_adv,2017,99.48395537304212,,True
log_adv,2018,99.6626235038959,,True
log_adv,2019,99.53974508958808,,True
log_adv,2020,99.64248540525863,,True
log_adv,2021,99.36157303990514,,True
log_adv,2022,99.49211950690288,,True
log_adv,2023,99.4560669456067,,True
log_adv,2024,99.50924121952504,,True
log_adv,2025,99.39865940596067,,True
log_adv,2026,98.55525185474424,,True
log_px,2016,100.0,,True
log_px,2017,100.0,,True
log_px,2018,100.0,,True
log_px,2019,100.0,,True
log_px,2020,100.0,,True
log_px,2021,100.0,,True
log_px,2022,100.0,,True
log_px,2023,100.0,,True
log_px,2024,100.0,,True
log_px,2025,100.0,,True
log_px,2026,100.0,,True
age_yrs,2016,11.329586181234209,,False
age_yrs,2017,18.057927826434568,,False
age_yrs,2018,22.674913647682544,,False
age_yrs,2019,25.805061264700452,,False
age_yrs,2020,29.966360441085516,,False
age_yrs,2021,35.82912771296986,,False
age_yrs,2022,41.743961467846155,,False
age_yrs,2023,46.15411436541144,,False
age_yrs,2024,50.85672160497078,,False
age_yrs,2025,55.08604342226684,,False
age_yrs,2026,58.71404399323181,,False
ind_heat_pct,2016,80.6349268521964,,True
ind_heat_pct,2017,82.60711560126467,,True
ind_heat_pct,2018,84.23166519399149,,True
ind_heat_pct,2019,85.80136691090449,,True
ind_heat_pct,2020,86.39785189543076,,True
ind_heat_pct,2021,87.16941066159234,,True
ind_heat_pct,2022,89.08295381387254,,True
ind_heat_pct,2023,89.3165969316597,,True
ind_heat_pct,2024,90.3912379548207,,True
ind_heat_pct,2025,91.20906979809963,,True
ind_heat_pct,2026,92.31029545750357,,True
ind_heat,2016,80.6349268521964,,True
ind_heat,2017,82.60711560126467,,True
ind_heat,2018,84.23166519399149,,True
ind_heat,2019,85.80136691090449,,True
ind_heat,2020,86.39785189543076,,True
ind_heat,2021,87.16941066159234,,True
ind_heat,2022,89.08295381387254,,True
ind_heat,2023,89.3165969316597,,True
ind_heat,2024,90.3912379548207,,True
ind_heat,2025,91.20906979809963,,True
ind_heat,2026,92.31029545750357,,True
ind_ret20,2016,80.6349268521964,,True
ind_ret20,2017,82.60711560126467,,True
ind_ret20,2018,84.23166519399149,,True
ind_ret20,2019,85.80136691090449,,True
ind_ret20,2020,86.39785189543076,,True
ind_ret20,2021,87.16941066159234,,True
ind_ret20,2022,89.08295381387254,,True
ind_ret20,2023,89.3165969316597,,True
ind_ret20,2024,90.3912379548207,,True
ind_ret20,2025,91.20906979809963,,True
ind_ret20,2026,92.31029545750357,,True
ind_breadth,2016,80.6349268521964,,True
ind_breadth,2017,82.60711560126467,,True
ind_breadth,2018,84.23166519399149,,True
ind_breadth,2019,85.80136691090449,,True
ind_breadth,2020,86.39785189543076,,True
ind_breadth,2021,87.16941066159234,,True
ind_breadth,2022,89.08295381387254,,True
ind_breadth,2023,89.3165969316597,,True
ind_breadth,2024,90.3912379548207,,True
ind_breadth,2025,91.20906979809963,,True
ind_breadth,2026,92.31029545750357,,True
ind_n,2016,97.53823857738783,,True
ind_n,2017,98.18657557146491,,True
ind_n,2018,98.78383805928188,,True
ind_n,2019,99.53974508958808,,True
ind_n,2020,99.90647297521534,,True
ind_n,2021,99.91864537657538,,True
ind_n,2022,99.93562078256515,,True
ind_n,2023,99.95002324500233,,True
ind_n,2024,99.94734347848981,,True
ind_n,2025,99.99188747933843,,True
ind_n,2026,100.0,,True
rank_in_ind_pct,2016,95.53671099273419,,True
rank_in_ind_pct,2017,96.48580877275866,,True
rank_in_ind_pct,2018,97.70262671700539,,True
rank_in_ind_pct,2019,98.14358721753587,,True
rank_in_ind_pct,2020,98.76755517340212,,True
rank_in_ind_pct,2021,97.8530652767436,,True
rank_in_ind_pct,2022,98.05074036100049,,True
rank_in_ind_pct,2023,98.07531380753139,,True
rank_in_ind_pct,2024,98.19809383392133,,True
rank_in_ind_pct,2025,97.82077413728413,,True
rank_in_ind_pct,2026,96.962124170246,,True
profitable,2016,0.0,,False
profitable,2017,0.0,,False
profitable,2018,0.07068840870752671,,False
profitable,2019,73.67157194754017,,False
profitable,2020,84.37947836056176,,False
profitable,2021,80.3273489423899,,False
profitable,2022,80.87579579865995,,False
profitable,2023,77.93468154346816,,False
profitable,2024,88.65778526670528,,False
profitable,2025,79.98336933264378,,False
profitable,2026,61.621762332422236,,False
pe,2016,0.0,,False
pe,2017,0.0,,False
pe,2018,0.07068840870752671,,False
pe,2019,73.67157194754017,,False
pe,2020,84.37947836056176,,False
pe,2021,80.3273489423899,,False
pe,2022,80.87579579865995,,False
pe,2023,77.93468154346816,,False
pe,2024,88.65778526670528,,False
pe,2025,79.98336933264378,,False
pe,2026,61.621762332422236,,False
pe_ind,2016,0.0,,False
pe_ind,2017,0.0,,False
pe_ind,2018,0.07068840870752671,,False
pe_ind,2019,73.67157194754017,,False
pe_ind,2020,84.37947836056176,,False
pe_ind,2021,80.3273489423899,,False
pe_ind,2022,80.87579579865995,,False
pe_ind,2023,77.93468154346816,,False
pe_ind,2024,88.65778526670528,,False
pe_ind,2025,79.98336933264378,,False
pe_ind,2026,61.621762332422236,,False
eps_yoy,2016,0.0,,False
eps_yoy,2017,0.0,,False
eps_yoy,2018,7.253594666238252,,False
eps_yoy,2019,51.65014469552367,,False
eps_yoy,2020,85.0055060264591,,False
eps_yoy,2021,83.47673809326825,,False
eps_yoy,2022,81.35029447530938,,False
eps_yoy,2023,82.6906090190609,,False
eps_yoy,2024,87.11705544731714,,False
eps_yoy,2025,82.63007919848296,,False
eps_yoy,2026,70.69113627489261,,False
sales_yoy,2016,0.0,,False
sales_yoy,2017,0.0,,False
sales_yoy,2018,7.171660374327256,,False
sales_yoy,2019,49.71368758081399,,False
sales_yoy,2020,82.39429183448733,,False
sales_yoy,2021,81.2581009900444,,False
sales_yoy,2022,79.4046114595007,,False
sales_yoy,2023,80.93677359367736,,False
sales_yoy,2024,84.91601284819124,,False
sales_yoy,2025,80.40217821179763,,False
sales_yoy,2026,68.88715345568137,,False
loss_to_profit,2016,0.0,,False
loss_to_profit,2017,0.0,,False
loss_to_profit,2018,7.253594666238252,,False
loss_to_profit,2019,51.65014469552367,,False
loss_to_profit,2020,85.0055060264591,,False
loss_to_profit,2021,83.47673809326825,,False
loss_to_profit,2022,81.35029447530938,,False
loss_to_profit,2023,82.6906090190609,,False
loss_to_profit,2024,87.11705544731714,,False
loss_to_profit,2025,82.63007919848296,,False
loss_to_profit,2026,70.69113627489261,,False
days_since_results,2016,0.0,,False
days_since_results,2017,0.0,,False
days_since_results,2018,56.769218411117365,,False
days_since_results,2019,89.60501200664984,,False
days_since_results,2020,89.70901027288772,,False
days_since_results,2021,90.12851272717245,,False
days_since_results,2022,91.25754071389399,,False
days_since_results,2023,93.08809855880985,,False
days_since_results,2024,95.30935706387235,,False
days_since_results,2025,89.36245728250839,,False
days_since_results,2026,78.32357152154107,,False
ev60_open_offer_target,2016,84.12878713695385,0.24480523295665968,True
ev60_open_offer_target,2017,100.0,0.1271940981938438,True
ev60_open_offer_target,2018,100.0,0.43698289019198333,True
ev60_open_offer_target,2019,100.0,0.506434332861277,True
ev60_open_offer_target,2020,100.0,0.3303615875458207,True
ev60_open_offer_target,2021,100.0,0.2826728441024792,True
ev60_open_offer_target,2022,100.0,0.3540856958916522,True
ev60_open_offer_target,2023,100.0,0.2847512784751279,True
ev60_open_offer_target,2024,100.0,0.4191459112211048,True
ev60_open_offer_target,2025,100.0,0.408668228326894,True
ev60_open_offer_target,2026,100.0,0.5414551607445008,True
ev60_tender_L1,2016,84.12878713695385,0.15863379095591548,True
ev60_tender_L1,2017,100.0,0.18715703019951302,True
ev60_tender_L1,2018,100.0,0.26026186842316656,True
ev60_tender_L1,2019,100.0,0.15239209408287666,True
ev60_tender_L1,2020,100.0,0.2021390535668492,True
ev60_tender_L1,2021,100.0,0.23579051873914122,True
ev60_tender_L1,2022,100.0,0.18717661365316293,True
ev60_tender_L1,2023,100.0,0.2556950255695026,True
ev60_tender_L1,2024,100.0,0.4022958243378443,True
ev60_tender_L1,2025,100.0,0.22106618802794764,True
ev60_tender_L1,2026,100.0,0.27333073018352205,True
ev60_order,2016,84.12878713695385,2.4676367482031294,True
ev60_order,2017,100.0,2.7110513500744995,True
ev60_order,2018,100.0,3.0556671218571774,True
ev60_order,2019,100.0,2.586047657163968,True
ev60_order,2020,100.0,2.2340890920336096,True
ev60_order,2021,100.0,2.8281073329472437,True
ev60_order,2022,100.0,3.7411478576027086,True
ev60_order,2023,100.0,3.7122268712226876,True
ev60_order,2024,100.0,4.607445632141541,True
ev60_order,2025,100.0,6.40787725756239,True
ev60_order,2026,100.0,7.405961213067812,True
ev60_client_partner,2016,84.12878713695385,1.8448522355613874,True
ev60_client_partner,2017,100.0,2.3203837627648363,True
ev60_client_partner,2018,100.0,2.3777010201622617,True
ev60_client_partner,2019,100.0,2.2027584508343083,True
ev60_client_partner,2020,100.0,1.9610505196783878,True
ev60_client_partner,2021,100.0,2.4627009734976975,True
ev60_client_partner,2022,100.0,3.9032881089200986,True
ev60_client_partner,2023,100.0,3.51115760111576,True
ev60_client_partner,2024,100.0,4.406297719972619,True
ev60_client_partner,2025,100.0,3.90719276363157,True
ev60_client_partner,2026,100.0,3.896915267473643,True
ev60_acquisition,2016,84.12878713695385,16.973815632282957,True
ev60_acquisition,2017,100.0,17.767198459134352,True
ev60_acquisition,2018,100.0,17.44075829383886,True
ev60_acquisition,2019,100.0,19.95258912628533,True
ev60_acquisition,2020,100.0,15.279600549094146,True
ev60_acquisition,2021,100.0,4.9929676511954995,True
ev60_acquisition,2022,100.0,5.130069863372994,True
ev60_acquisition,2023,100.0,20.317294281729428,True
ev60_acquisition,2024,100.0,18.858406613659103,True
ev60_acquisition,2025,100.0,23.898471803920376,True
ev60_acquisition,2026,100.0,14.861382272549786,True
ev60_approval_launch,2016,84.12878713695385,4.386909774583341,True
ev60_approval_launch,2017,100.0,4.802485736090417,True
ev60_approval_launch,2018,100.0,4.4421238653707125,True
ev60_approval_launch,2019,100.0,4.382427190443938,True
ev60_approval_launch,2020,100.0,4.175529106515214,True
ev60_approval_launch,2021,100.0,4.147706902732963,True
ev60_approval_launch,2022,100.0,4.57688547652543,True
ev60_approval_launch,2023,100.0,5.003486750348675,True
ev60_approval_launch,2024,100.0,5.297246063925018,True
ev60_approval_launch,2025,100.0,6.949388011722592,True
ev60_approval_launch,2026,100.0,6.979044644019264,True
ev60_capex,2016,84.12878713695385,0.17038444213783513,True
ev60_capex,2017,100.0,0.2307664352945452,True
ev60_capex,2018,100.0,0.13977026267170053,True
ev60_capex,2019,100.0,0.18317837571578105,True
ev60_capex,2020,100.0,0.149341539575508,True
ev60_capex,2021,100.0,0.3392074129229751,True
ev60_capex,2022,100.0,0.36004673454302677,True
ev60_capex,2023,100.0,0.298698279869828,True
ev60_capex,2024,100.0,0.29592965088726236,True
ev60_capex,2025,100.0,0.4248932696500461,True
ev60_capex,2026,100.0,0.4451386177274502,True
ev60_fundraise_pref,2016,84.12878713695385,2.7476939347055485,True
ev60_fundraise_pref,2017,100.0,2.31856670421921,True
ev60_fundraise_pref,2018,100.0,1.9455377942003373,True
ev60_fundraise_pref,2019,100.0,2.0057262483837204,True
ev60_fundraise_pref,2020,100.0,1.7211989561177234,True
ev60_fundraise_pref,2021,100.0,1.8325473649375361,True
ev60_fundraise_pref,2022,100.0,2.5727842819332842,True
ev60_fundraise_pref,2023,100.0,2.6545792654579263,True
ev60_fundraise_pref,2024,100.0,3.880785635300932,True
ev60_fundraise_pref,2025,100.0,3.5654528307626783,True
ev60_fundraise_pref,2026,100.0,3.4075231029545754,True
ev60_fundraise_qip,2016,84.12878713695385,0.2506805585476195,True
ev60_fundraise_qip,2017,100.0,0.5069593342297489,True
ev60_fundraise_qip,2018,100.0,0.42252389750180736,True
ev60_fundraise_qip,2019,100.0,0.30632350224739857,True
ev60_fundraise_qip,2020,100.0,0.24588556515967477,True
ev60_fundraise_qip,2021,100.0,0.2937039794820882,True
ev60_fundraise_qip,2022,100.0,0.2277116764825103,True
ev60_fundraise_qip,2023,100.0,0.303347280334728,True
ev60_fundraise_qip,2024,100.0,1.037333473750724,True
ev60_fundraise_qip,2025,100.0,0.8244349122326671,True
ev60_fundraise_qip,2026,100.0,0.554470909800859,True
ev60_buyback,2016,84.12878713695385,0.9048001410078141,True
ev60_buyback,2017,100.0,1.0811498346476722,True
ev60_buyback,2018,100.0,1.442686159530886,True
ev60_buyback,2019,100.0,1.8102333600147773,True
ev60_buyback,2020,100.0,1.095171290220392,True
ev60_buyback,2021,100.0,1.0562312125975566,True
ev60_buyback,2022,100.0,1.1290207205703522,True
ev60_buyback,2023,100.0,0.9739655973965597,True
ev60_buyback,2024,100.0,0.6497814754357327,True
ev60_buyback,2025,100.0,0.20281301653940148,True
ev60_buyback,2026,100.0,0.3071716777300534,True
ev60_rating_up,2016,84.12878713695385,0.5072364426861988,True
ev60_rating_up,2017,100.0,0.3307046553039939,True
ev60_rating_up,2018,100.0,0.3582617077676922,True
ev60_rating_up,2019,100.0,0.11390924204174618,True
ev60_rating_up,2020,100.0,0.1553755411745184,True
ev60_rating_up,2021,100.0,0.17649816607374313,True
ev60_rating_up,2022,100.0,2.013638856434345,True
ev60_rating_up,2023,100.0,0.23477452347745237,True
ev60_rating_up,2024,100.0,0.1263756516244537,True
ev60_rating_up,2025,100.0,0.3255148915457394,True
ev60_rating_up,2026,100.0,0.2889496290511519,True
ev60_bonus_split,2016,84.12878713695385,1.0536417226454633,True
ev60_bonus_split,2017,100.0,1.4718174219573354,True
ev60_bonus_split,2018,100.0,1.2241947144348944,True
ev60_bonus_split,2019,100.0,0.892802167354227,True
ev60_bonus_split,2020,100.0,0.5340091415124225,True
ev60_bonus_split,2021,100.0,1.1334491602548191,True
ev60_bonus_split,2022,100.0,1.4854908319225542,True
ev60_bonus_split,2023,100.0,1.4458391445839145,True
ev60_bonus_split,2024,100.0,1.9956821652361643,True
ev60_bonus_split,2025,100.0,1.4095504649488404,True
ev60_bonus_split,2026,100.0,1.0334504750748406,True
filings30_all,2016,91.97430524274887,68.23603141340749,True
filings30_all,2017,100.0,73.30922702329468,True
filings30_all,2018,100.0,77.32669290706082,True
filings30_all,2019,100.0,84.2697493996675,True
filings30_all,2020,100.0,87.23506961729345,True
filings30_all,2021,100.0,87.52240699373984,True
filings30_all,2022,100.0,89.81258494480078,True
filings30_all,2023,100.0,92.19200371920037,True
filings30_all,2024,100.0,94.44052445895424,True
filings30_all,2025,100.0,95.1892752476854,True
filings30_all,2026,100.0,95.06703110764025,True
last_order_to_rev_90d,2016,0.0,,False
last_order_to_rev_90d,2017,0.0,,False
last_order_to_rev_90d,2018,13.149650574343323,,False
last_order_to_rev_90d,2019,100.0,,False
last_order_to_rev_90d,2020,100.0,,False
last_order_to_rev_90d,2021,100.0,,False
last_order_to_rev_90d,2022,100.0,,False
last_order_to_rev_90d,2023,100.0,,False
last_order_to_rev_90d,2024,100.0,,False
last_order_to_rev_90d,2025,100.0,,False
last_order_to_rev_90d,2026,100.0,,False
prom_buys90,2016,0.0,0.0,False
prom_buys90,2017,0.0,0.0,False
prom_buys90,2018,0.0,0.0,False
prom_buys90,2019,75.10775198571517,8.65402376700942,False
prom_buys90,2020,100.0,12.036324689626044,False
prom_buys90,2021,100.0,7.683185791897632,False
prom_buys90,2022,100.0,6.362812656477265,False
prom_buys90,2023,100.0,5.008135750813575,False
prom_buys90,2024,100.0,3.5795903322626508,False
prom_buys90,2025,100.0,4.96080638455376,False
prom_buys90,2026,100.0,4.969412989717558,False
prom_sells90,2016,0.0,0.0,False
prom_sells90,2017,0.0,0.0,False
prom_sells90,2018,0.0,0.0,False
prom_sells90,2019,75.10775198571517,3.9698910165630195,False
prom_sells90,2020,100.0,4.703504246428626,False
prom_sells90,2021,100.0,5.350100659110339,False
prom_sells90,2022,100.0,3.9128257707622973,False
prom_sells90,2023,100.0,3.888888888888889,False
prom_sells90,2024,100.0,4.67695224053499,False
prom_sells90,2025,100.0,3.2287832233072717,False
prom_sells90,2026,100.0,2.0773135493947676,False
block_buys60,2016,84.12878713695385,0.7167897220970996,True
block_buys60,2017,100.0,0.9666751462732129,True
block_buys60,2018,100.0,0.6458350068278577,True
block_buys60,2019,100.0,1.012868665722554,True
block_buys60,2020,100.0,0.6833506810879305,True
block_buys60,2021,100.0,1.3251151374755248,True
block_buys60,2022,100.0,1.2744700636638928,True
block_buys60,2023,100.0,0.7333798233379824,True
block_buys60,2024,100.0,1.2627033858143333,True
block_buys60,2025,100.0,1.380142577550627,True
block_buys60,2026,88.20252505531694,0.9267213328127034,True
block_sells60,2016,84.12878713695385,0.7167897220970996,True
block_sells60,2017,100.0,0.9666751462732129,True
block_sells60,2018,100.0,0.6458350068278577,True
block_sells60,2019,100.0,1.0005541530693922,True
block_sells60,2020,100.0,0.6833506810879305,True
block_sells60,2021,100.0,1.3251151374755248,True
block_sells60,2022,100.0,1.2744700636638928,True
block_sells60,2023,100.0,0.7264063226406323,True
block_sells60,2024,100.0,1.2195250381759781,True
block_sells60,2025,100.0,1.354790950483202,True
block_sells60,2026,88.20252505531694,0.9267213328127034,True
promoter_pct,2016,0.7422494663245922,,False
promoter_pct,2017,0.6323363738779664,,False
promoter_pct,2018,0.8386215760302032,,False
promoter_pct,2019,1.1975863555199802,,False
promoter_pct,2020,1.9927290280731924,,False
promoter_pct,2021,16.379857146796834,,False
promoter_pct,2022,70.04697298457283,,False
promoter_pct,2023,72.37331473733147,,False
promoter_pct,2024,74.12458532989311,,False
promoter_pct,2025,77.5313599626824,,False
promoter_pct,2026,79.26070545359886,,False
prom_delta,2016,0.34272732613932355,,False
prom_delta,2017,0.5814587346004289,,False
prom_delta,2018,0.7823921600128524,,False
prom_delta,2019,0.935902961640293,,False
prom_delta,2020,1.297310343787241,,False
prom_delta,2021,2.202090400154436,,False
prom_delta,2022,65.91954982236105,,False
prom_delta,2023,71.03091585309159,,False
prom_delta,2024,72.12574377336634,,False
prom_delta,2025,75.21726344396782,,False
prom_delta,2026,76.84758557855005,,False
mkt_breadth,2016,100.0,,True
mkt_breadth,2017,100.0,,True
mkt_breadth,2018,100.0,,True
mkt_breadth,2019,100.0,,True
mkt_breadth,2020,100.0,,True
mkt_breadth,2021,99.99862110807754,,True
mkt_breadth,2022,100.0,,True
mkt_breadth,2023,100.0,,True
mkt_breadth,2024,100.0,,True
mkt_breadth,2025,100.0,,True
mkt_breadth,2026,100.0,,True
mkt_med_ret20,2016,100.0,,True
mkt_med_ret20,2017,100.0,,True
mkt_med_ret20,2018,100.0,,True
mkt_med_ret20,2019,100.0,,True
mkt_med_ret20,2020,100.0,,True
mkt_med_ret20,2021,100.0,,True
mkt_med_ret20,2022,100.0,,True
mkt_med_ret20,2023,100.0,,True
mkt_med_ret20,2024,100.0,,True
mkt_med_ret20,2025,100.0,,True
mkt_med_ret20,2026,100.0,,True
mkt_ew_ret60,2016,100.0,,True
mkt_ew_ret60,2017,100.0,,True
mkt_ew_ret60,2018,100.0,,True
mkt_ew_ret60,2019,100.0,,True
mkt_ew_ret60,2020,100.0,,True
mkt_ew_ret60,2021,100.0,,True
mkt_ew_ret60,2022,100.0,,True
mkt_ew_ret60,2023,100.0,,True
mkt_ew_ret60,2024,100.0,,True
mkt_ew_ret60,2025,100.0,,True
mkt_ew_ret60,2026,100.0,,True
