era,group,n,n_sym,peak95_mean,peak95_median,end95_mean,end95_median,hit50_pct,pre20_mean,pre20_median,ann1_mean,ann1_median,ann5_mean,ann5_median,peak95_pre_mean,peak95_pre_median,days_to_peak_median
disc,BASE: average stock-week,221399,1578,37.71747743855591,24.723473800435926,10.185089395873181,2.8301886792452935,24.303632807736257,,,,,,,,,
disc,ALL announcements,810,134,36.43716230393542,26.023586830679037,10.836446016528045,3.9685194932546963,25.679012345679013,2.6656299838628583,0.5191032440486687,-0.04641512893905556,-0.36421826687689784,1.1132279821120474,-0.20350572157431523,36.7580878196287,26.183750209485503,53.0
disc,HIGH >=2,284,66,32.222362189197696,21.139931477223982,4.770380385198719,0.3494688125624923,23.239436619718308,1.844075753073562,1.552795031055898,0.20324803829035798,-0.22069049269980434,1.566756225098587,0.4115138454768519,32.712062649905164,22.403504754164416,42.0
disc,HIGH >=2 & >200DMA,150,48,32.56289435826113,20.044744030666685,6.085000870746753,0.1752323060067229,24.0,5.248252372103209,4.84994461322138,0.4924434545300996,0.014874990642893549,1.8206481055294128,0.5208613237705828,33.37741736411038,22.74012731509093,40.0
disc,1-2,176,50,43.01405940340976,32.00452607692546,18.59771800441445,12.986538872062036,31.818181818181817,3.3844436154640007,1.4292859073881004,0.2258340064265961,0.0,1.2156323432856866,-0.4395786171627558,43.64823630209509,31.258974208624757,59.0
disc,1-2 & >200DMA,112,34,47.395694946139265,39.42682661566297,23.69249892921827,20.155834287576024,38.392857142857146,5.4153093752963075,2.946613386757957,0.0115162576558059,-0.4334241031099584,0.9609235179411224,-0.8252704357502805,47.81034274431981,36.31123837042712,62.0
disc,LOW <1,350,90,36.549931855586955,26.40509936804434,11.855813929183817,4.575036153745026,24.571428571428573,2.9693223854432853,-0.10305832544147409,-0.3859013784176503,-0.47963564909872525,0.6937274433270828,-0.5179258293201983,36.57638786330699,26.260111658414353,57.5
disc,LOW <1 & >200DMA,215,69,36.70072847207319,26.56452869384576,14.543888511003635,6.827622014537904,23.72093023255814,6.41128357320048,2.3054755043227626,-0.8000560098609233,-1.0774203478528532,0.21336017316640424,-0.8355511542984417,36.1218082837117,26.650986733306393,61.0
conf,BASE: average stock-week,244736,2047,30.425265664632583,21.24592626721381,7.9267318209285484,2.459835513036146,18.316063023012553,,,,,,,,,
conf,ALL announcements,1405,229,34.22154644864928,23.739629865985968,12.818791925509156,6.051587301587302,21.99288256227758,2.037866575541903,-0.08204846960971346,-0.11240766391337656,-0.3271460066851528,0.17231190124276824,-0.40363760151729267,34.46341546185415,24.408368317614638,56.0
conf,HIGH >=2,470,105,36.21334919002998,24.642728441733716,13.814697602473423,6.014945920781589,24.25531914893617,2.962057379106723,-0.41078433358985866,-0.011905726360867093,-0.2218517413433374,0.3244617477276221,-0.17598894393866527,36.51198901522977,24.65920035771638,54.0
conf,HIGH >=2 & >200DMA,287,87,41.005504641289505,28.834951456310677,18.036833421293448,9.89252918513368,29.61672473867596,7.534405553858905,4.333667334669333,0.14916541996265578,-0.13609556933312783,0.6621138038921358,0.0,41.491654383482754,29.471228615863154,61.0
conf,1-2,333,98,34.90850244035352,24.15726587010214,12.886114079651412,4.613848855751601,23.423423423423422,1.9661560954930155,-1.1204684843463097,-0.11535183728888267,-0.46169383927283647,0.2372736409217329,-0.9410082068629033,35.099023837118715,25.361785626686295,58.0
conf,1-2 & >200DMA,196,74,36.11597676525062,26.520985259070187,14.968413195360208,7.264940168611311,23.97959183673469,7.146489716949081,5.20904294759259,0.2959324286984117,-0.3500950934760383,1.4505181734543577,0.08671486359528302,37.06750501943256,27.425302482670332,57.0
conf,LOW <1,602,165,32.286490578738245,22.521474773933935,12.004017929657696,7.057108696536918,19.435215946843854,1.3558702328521457,0.3388772738066259,-0.18924404417190813,-0.2901228611619511,0.01758982954679401,-0.3818556780277371,32.51244011459559,23.604331034707858,57.0
conf,LOW <1 & >200DMA,345,123,36.83282982759992,27.51572327044023,16.36729383065901,10.127973620161734,23.18840579710145,4.9050961192750675,3.9089362626226087,-0.2020716791305926,-0.38746630727763964,0.5584073895683387,-0.36237852083677025,37.085349157690516,27.46592183440484,63.0
