day,year,nse,ours
2016-02-26,2016,96,96
2016-03-01,2016,140,140
2016-03-22,2016,127,127
2016-09-01,2016,341,340
2016-12-08,2016,165,165
2016-04-13,2016,387,377
2016-09-14,2016,352,351
2016-06-28,2016,145,145
2017-02-28,2017,146,146
2017-03-02,2017,152,150
2017-03-23,2017,214,213
2017-09-05,2017,298,298
2017-12-06,2017,176,174
2017-08-18,2017,238,237
2017-09-14,2017,430,429
2017-03-30,2017,204,203
2018-02-27,2018,157,157
2018-03-01,2018,206,202
2018-03-22,2018,160,158
2018-08-30,2018,320,319
2018-12-06,2018,174,173
2018-04-13,2018,198,195
2018-09-10,2018,283,281
2018-06-26,2018,198,198
2019-02-25,2019,232,232
2019-02-27,2019,211,208
2019-03-20,2019,173,170
2019-08-30,2019,407,405
2019-12-06,2019,255,252
2019-04-10,2019,268,267
2019-11-26,2019,202,202
2019-06-27,2019,332,332
2020-05-29,2020,388,387
2020-07-01,2020,586,586
2020-02-06,2020,450,449
2020-09-07,2020,455,455
2020-10-13,2020,330,330
2020-07-09,2020,372,371
2020-05-22,2020,338,336
2020-07-17,2020,352,352
2021-02-26,2021,278,278
2021-03-02,2021,259,259
2021-03-23,2021,271,271
2021-09-06,2021,557,557
2021-12-09,2021,259,259
2021-08-20,2021,291,291
2021-09-16,2021,372,372
2021-03-31,2021,1131,1131
2022-02-28,2022,245,245
2022-03-03,2022,242,242
2022-03-24,2022,288,288
2022-09-06,2022,676,676
2022-12-08,2022,289,289
2022-08-19,2022,321,321
2022-09-15,2022,378,378
2022-03-31,2022,1131,1131
2023-02-27,2023,322,321
2023-03-01,2023,371,370
2023-03-22,2023,276,274
2023-08-31,2023,641,641
2023-12-06,2023,391,391
2023-04-17,2023,348,348
2023-11-13,2023,235,235
2023-06-28,2023,732,732
2024-02-26,2024,347,355
2024-02-28,2024,412,423
2024-03-20,2024,465,465
2024-09-04,2024,845,838
2024-12-06,2024,424,424
2024-08-20,2024,538,532
2024-09-13,2024,513,512
2024-03-28,2024,912,912
2025-02-25,2025,392,392
2025-02-28,2025,498,494
2025-03-21,2025,460,450
2025-09-04,2025,770,767
2025-12-08,2025,359,351
2025-08-19,2025,552,550
2025-09-15,2025,428,417
2025-03-28,2025,724,720
2026-09-16,2026,546,537
2026-07-01,2026,633,632
2026-04-29,2026,641,630
2026-01-01,2026,245,245
2026-03-20,2026,384,380
2026-02-13,2026,1467,1457
2026-09-11,2026,473,466
2026-06-22,2026,553,549
