window,arm,sel,exit,exit_name,cagr,cagr_disc,cagr_conf,maxdd,maxdd_disc,maxdd_conf,sharpe,final,avg_names,positions,pct_touched50,pct_half_sold,pct_sold_early,beats_phase0,PASS,phase_cagr,phases_beaten
2019-01-01,S0-E0,S0,E0,TIME 126,23.163889546159645,24.314801837987666,21.94799174520594,-33.687825925617155,-30.079228166184222,-33.687825925617155,1.048511337477858,4.998577511609804,9.707042253521127,3446,29.45443993035403,0.0,0.0,,,,
2019-01-01,S0-E1,S0,E1,HALF@+50%,19.998015888848574,20.63536667721295,19.321886129612786,-31.161208008712883,-29.61197387840785,-31.161208008712883,1.0129890418568435,4.087888838260316,9.707042253521127,3446,29.45443993035403,29.45443993035403,0.0,False,False,,
2019-01-01,S0-E2,S0,E2,TRAIL 25%,13.728406504803313,11.047523530242698,16.659390258624306,-29.617823706283207,-25.51156708161558,-24.76160369251256,0.8797956505468415,2.700863190716775,9.707042253521127,3446,29.45443993035403,0.0,58.82182240278584,False,False,,
2019-01-01,S0-E3,S0,E3,BELOW 200DMA,18.292109431286406,18.514679668527002,18.055161872764593,-34.88948508178111,-28.17326585680988,-34.88948508178111,0.9871321714699045,3.659925675357244,9.707042253521127,3446,29.45443993035403,0.0,44.22518862449216,False,False,,
2019-01-01,S0-E4,S0,E4,HALF@+50% + TRAIL 25%,11.915133973420943,9.46407922034127,14.590115103548662,-25.613801055629782,-23.136800627244714,-22.835612335967838,0.8673525848566329,2.385567294450227,9.707042253521127,3446,29.45443993035403,15.118978525827046,58.82182240278584,False,False,,
2019-01-01,S1R-E0,S1R,E0,TIME 126,30.992500695152735,23.289468703287476,39.740271227964016,-37.248348153250014,-36.367543071421885,-33.76140075605506,1.260622037931087,8.045446242462127,8.48031496062992,3231,32.6214794181368,0.0,0.0,False,False,,
2019-01-01,S1R-E1,S1R,E1,HALF@+50%,26.35516822505519,20.958877538185305,32.3768238296029,-35.04580414503818,-35.04580414503818,-29.06690506507038,1.2216216979529952,6.090476691884574,8.48031496062992,3231,32.6214794181368,32.6214794181368,0.0,False,False,,
2019-01-01,S1R-E2,S1R,E2,TRAIL 25%,20.24687137111778,14.401180618205034,26.811882608546167,-33.54181341476007,-29.58665033896215,-24.453173148117514,1.200485087741666,4.1538235734146935,8.48031496062992,3231,32.6214794181368,0.0,60.53853296193129,False,False,,
2019-01-01,S1R-E3,S1R,E3,BELOW 200DMA,26.345830335634957,17.640867683111104,36.34224948657349,-37.55458485849436,-33.54631923315646,-31.343405388811618,1.2569185837365004,6.087001234484313,8.48031496062992,3231,32.6214794181368,0.0,39.49241720829465,False,False,,
2019-01-01,S1R-E4,S1R,E4,HALF@+50% + TRAIL 25%,17.509244388365055,14.239847719589282,21.099796408022375,-29.02581174347738,-24.671385663146307,-22.13119786272695,1.1927462071102997,3.4769604068537916,8.48031496062992,3231,32.6214794181368,15.970287836583102,60.53853296193129,False,False,,
2019-01-01,S1M-E0,S1M,E0,TIME 126,33.76811893840359,31.824660214611278,35.872732689392265,-38.80971484604765,-36.86276832875941,-38.80971484604765,1.3290807786842236,9.459791480929121,8.48031496062992,3231,36.521200866604765,0.0,0.0,False,False,,
2019-01-01,S1M-E1,S1M,E1,HALF@+50%,29.20508785430762,27.4700525833558,31.08183019840198,-35.608714690174835,-35.608714690174835,-33.60679109234596,1.3186925235671474,7.235450225795787,8.48031496062992,3231,36.521200866604765,36.521200866604765,0.0,True,False,"[np.float64(30.7), np.float64(28.6), np.float64(28.2), np.float64(27.8)]",3/5
2019-01-01,S1M-E2,S1M,E2,TRAIL 25%,23.43202136461917,22.1774516528384,24.784431614475654,-26.11634265301477,-25.155683812542783,-24.33072538218474,1.3586815738808387,5.083242577180473,8.48031496062992,3231,36.521200866604765,0.0,59.671928195605076,False,False,,
2019-01-01,S1M-E3,S1M,E3,BELOW 200DMA,27.547776263033263,23.978926473415108,31.46785558097127,-31.314367679338396,-27.847731858391246,-31.314367679338396,1.3724027291781407,6.548806416573357,8.48031496062992,3231,36.521200866604765,0.0,46.95140823274528,False,False,,
2019-01-01,S1M-E4,S1M,E4,HALF@+50% + TRAIL 25%,20.831346476707612,20.162101899423803,21.54931625417218,-23.41462392576702,-23.41462392576702,-21.348515939264324,1.396265212187565,4.312333820255805,8.48031496062992,3231,36.521200866604765,18.353450943980192,59.671928195605076,False,False,,
2016-06-01,S0-E0,S0,E0,TIME 126,19.882579986817262,18.175105727485928,22.946065203135625,-37.9731558452365,-37.9731558452365,-32.71587069030482,0.9315514234487166,6.486851413537968,8.81875,4233,28.44318450271675,0.0,0.0,,,,
2016-06-01,S0-E1,S0,E1,HALF@+50%,17.669619907388444,16.33929122607729,20.04665275076196,-36.037967718524854,-36.037967718524854,-29.94611803880255,0.9183393387811526,5.353060785683203,8.81875,4233,28.44318450271675,28.44318450271675,0.0,,,,
2016-06-01,S0-E2,S0,E2,TRAIL 25%,10.624619344765286,7.2248252334287555,16.86843372830955,-36.01727661980926,-36.01727661980926,-23.947155503470054,0.7134147720804369,2.8323352936410626,8.81875,4233,28.44318450271675,0.0,59.74486180014175,,,,
2016-06-01,S0-E3,S0,E3,BELOW 200DMA,15.70261174447185,13.747276732010349,19.223910476773053,-32.94984314281595,-31.052980098307724,-32.591178538653956,0.8685712647409112,4.498992424831591,8.81875,4233,28.44318450271675,0.0,45.26340656744626,,,,
2016-06-01,S0-E4,S0,E4,HALF@+50% + TRAIL 25%,9.893088234664194,7.239598801635561,14.720818948589343,-33.61565371437181,-33.61565371437181,-21.895645064447688,0.7386130321932328,2.6450577927468646,8.81875,4233,28.44318450271675,14.67044649184975,59.74486180014175,,,,
