window,approach,hold,cagr_med,cagr_worst,dd_med,dd_worst,phases
2019+,BASELINE,30,24.33775615103465,16.8301473410176,-45.980819907130105,-56.86799785237755,6
2019+,BASELINE,60,31.657667048858308,10.467048031458281,-43.024077193251344,-63.06020193371539,12
2019+,BASELINE,90,27.52752003654183,7.107278144926443,-42.12562869345942,-67.12421378311947,18
2019+,BASELINE,100,23.379041906657726,12.702171634850545,-44.47977642003727,-73.69620496037815,20
2019+,BASELINE,180,25.363508342026073,11.017961935170085,-41.614014933946,-62.704473941689024,36
2019+,BASELINE,250,26.031710073050306,10.776220144452164,-41.23162156403154,-62.704473941689024,50
2019+,G,30,23.297895031373617,18.892193562186076,-36.554728765880625,-45.84508535714761,6
2019+,G,60,24.749040420490466,13.420788677105811,-40.3739435803211,-63.06020193371539,12
2019+,G,90,22.08043205864203,-0.12480252567891315,-41.36569610387683,-62.704473941689024,18
2019+,G,100,17.643602933180592,5.630098674490536,-39.19774296936233,-71.98102067258262,20
2019+,G,180,17.824318440757793,5.505073045334474,-38.019015367963576,-62.704473941689024,36
2019+,G,250,19.82056643178859,-6.501908693590009,-35.72234593204457,-66.8602157026861,50
2019+,B,30,23.926351733798544,17.28072004816765,-47.3500414414776,-57.855225013312136,6
2019+,B,60,29.513925380040174,9.718583807405246,-44.00282617378271,-67.05454924852812,12
2019+,B,90,23.65442411092724,12.08601210597644,-44.61875433370213,-71.34557899867673,18
2019+,B,100,23.078071886322093,17.08422933571385,-43.557769344504706,-75.13612691548252,20
2019+,B,180,25.376806096928725,14.272033682288576,-41.231621564031556,-67.05454924852812,36
2019+,B,250,26.077215589932145,10.394953043779331,-41.018638257538754,-67.05454924852812,50
2019+,H,30,23.08041565833554,10.342674609478886,-56.6003907458782,-62.09390154382526,6
2019+,H,60,26.84225768833667,12.8104017532634,-46.12187785918904,-68.6078016347135,12
2019+,H,90,27.762120893457208,18.202606481801986,-46.649029512374135,-61.823662511620505,18
2019+,H,100,28.9420167917796,9.536815572692149,-46.62604044183006,-60.8673150650385,20
2019+,H,180,28.026031804147856,11.34195360801149,-42.9290953578145,-67.9051521677041,36
2019+,H,250,27.144373815301115,8.899495161328218,-44.39519246320545,-68.43910806174954,50
2019+,G+B,30,20.96639455716861,15.571276045487226,-34.61864753564594,-47.31769240806418,6
2019+,G+B,60,21.557433168989547,10.28706270863391,-40.749212667726695,-67.05454924852812,12
2019+,G+B,90,19.009661849573668,0.2303662257319372,-43.14628376264524,-67.05454924852812,18
2019+,G+B,100,17.56693165405678,5.37434298162629,-41.66484615984608,-73.51483522034621,20
2019+,G+B,180,14.284580319093386,8.52053750206332,-38.5104852108753,-67.05454924852812,36
2019+,G+B,250,19.154492394767644,-7.271180472805838,-34.128586449310845,-67.88040510316549,50
2019+,G+H,30,21.45001251036903,17.16890093147361,-44.98419034808204,-51.71967952346277,6
2019+,G+H,60,23.915972067479316,16.799478355856024,-41.71701403549585,-66.41605273203578,12
2019+,G+H,90,22.55192060231022,9.989973324090261,-44.200020952785096,-57.45496019394998,18
2019+,G+H,100,22.389169115623886,6.935956590805392,-41.736854909011505,-57.4865312925161,20
2019+,G+H,180,19.637229526952304,-4.85693737479772,-39.38976473531046,-67.9051521677041,36
2019+,G+H,250,21.47749230220772,-9.795869711632987,-39.48608609219227,-67.51136534948729,50
2019+,B+H,30,18.33508946460187,14.814002289974958,-51.427162729400706,-63.046573337286915,6
2019+,B+H,60,22.0888216835165,13.708814638240385,-46.07067464667356,-65.81478489333306,12
2019+,B+H,90,25.317062405771495,18.72777409289035,-43.013215251230115,-61.823662511620505,18
2019+,B+H,100,24.28661641255302,16.32935742157091,-44.61113573341392,-62.219031158115136,20
2019+,B+H,180,28.186686669745598,14.077586504132821,-38.6124551205242,-65.78335433418825,36
2019+,B+H,250,27.07673153268292,11.264294155491417,-41.3425721839985,-68.43910806174954,50
2019+,G+B+H,30,19.358845981209484,17.5659798981884,-34.856746235253325,-50.35228214479622,6
2019+,G+B+H,60,22.411831064196488,13.947538543075066,-41.37381097040503,-63.537824753686145,12
2019+,G+B+H,90,19.999089445075278,12.558500097443815,-41.42062319693008,-60.362208944078,18
2019+,G+B+H,100,20.579570543865167,9.661733296260655,-42.06053944352975,-62.219031158115136,20
2019+,G+B+H,180,20.20162411953509,5.933560593058607,-38.027826802307786,-53.89228089787448,36
2019+,G+B+H,250,22.502943349230783,-9.146968113112175,-37.87832289581678,-67.92610221450855,50
2019+,MODEL top-10,30,32.56534927448227,25.58093852950256,-59.53871459647717,-63.24804055167708,6
2019+,MODEL top-10,60,29.80666377841017,16.251699489973493,-53.93658751135677,-66.80869348818152,12
2019+,MODEL top-10,90,24.22120325598609,21.838854598120207,-54.7042746376963,-61.176726534582436,18
2019+,MODEL top-10,100,27.776680532951616,13.728329819559093,-56.382585484706425,-66.45821110613336,20
2019+,MODEL top-10,180,26.923582577085966,12.861763491085654,-52.88965463406103,-63.23150671048992,36
2019+,MODEL top-10,250,24.497976400204323,7.966717442869231,-51.189708215958845,-63.769680861754985,50
2019+,MODEL top-20,30,25.868147896627327,17.606597259339285,-51.77286465551968,-60.32838337694679,6
2019+,MODEL top-20,60,25.33349289103842,17.798149473903347,-52.057456826980456,-60.49014059285705,12
2019+,MODEL top-20,90,22.94771904775006,15.015575023256522,-51.33210667198503,-58.49722458461972,18
2019+,MODEL top-20,100,24.025364594541955,16.011735618086263,-51.379039444940645,-60.21277088960715,20
2019+,MODEL top-20,180,24.797246418687358,13.34077351245153,-50.948495770191904,-57.41076062223605,36
2019+,MODEL top-20,250,25.054162258393674,16.512638497509215,-49.79533383886151,-59.05733661806105,50
2019+,EW market,30,13.372514657998336,12.645693790995495,-43.90809095963928,-44.3313163116688,6
2019+,EW market,60,15.473434018832943,14.74404413157584,-42.46406615951399,-44.06310395793429,12
2019+,EW market,90,16.240170678287956,15.313550376133666,-41.82210781853516,-42.98473247578776,18
2019+,EW market,100,16.38459202704432,15.348005586263769,-41.74574570655044,-43.457696393828115,20
2019+,EW market,180,17.927209169136702,15.918316885389604,-40.793649987434414,-43.0899910560337,36
2019+,EW market,250,18.88043281239653,16.479067957388914,-40.1063211780031,-42.977920397731026,50
2016+,BASELINE,30,17.446448210202192,15.470829596023282,-51.16091804027431,-64.81361552197849,6
2016+,BASELINE,60,22.698823924829547,6.565051083459972,-51.28309386357528,-73.43010760434612,12
2016+,BASELINE,90,20.627073988498942,1.0569749720475974,-52.5314173422079,-74.4604052867418,18
2016+,BASELINE,100,18.016982099593037,9.782608813824067,-56.136290864303106,-80.74099078870087,20
2016+,BASELINE,180,18.82838977297605,3.116475697289589,-52.019609663375576,-84.65384361654232,36
2016+,BASELINE,250,19.784912244048147,4.919545588268548,-53.80621754725266,-80.77657690623522,50
2016+,G,30,16.266228511117298,13.173890904091179,-40.621469781895755,-51.92440728727483,6
2016+,G,60,16.057911515973778,12.60133126376044,-46.77470198082423,-65.8418963055978,12
2016+,G,90,15.059336979920435,-4.390340844732654,-52.337201713583525,-68.60318222762649,18
2016+,G,100,13.457884459885928,4.304523905766544,-50.775570269065,-73.45943735038378,20
2016+,G,180,13.028035158994989,4.100828073174845,-45.97017537789165,-76.3112793725668,36
2016+,G,250,13.355172162675478,-1.615212822955936,-44.686384743654266,-80.77657690623522,50
2016+,B,30,18.676958697885624,16.18833419376866,-48.589791311527456,-60.13837544823358,6
2016+,B,60,21.525535136228957,9.737761290828551,-44.14254696478095,-71.11533862366201,12
2016+,B,90,20.091302873953232,7.348092078952684,-48.12218192279752,-75.0790840727164,18
2016+,B,100,18.026697091352474,15.396820390579634,-50.96431714776624,-81.6149318164767,20
2016+,B,180,19.513211752333994,9.205719349120889,-48.17321545754366,-82.32208737788812,36
2016+,B,250,19.57701720063274,9.37786612759517,-46.24551132886391,-78.28368320578001,50
2016+,H,30,23.414796890013555,16.355273902087596,-59.39290940246356,-73.37100837442749,6
2016+,H,60,26.658431980947796,16.78325536800258,-54.779203509837025,-82.62443682731839,12
2016+,H,90,25.02234038368405,15.066513171149332,-53.12679747181916,-79.51906729024283,18
2016+,H,100,26.263920230626947,7.651093107761242,-57.01180944073078,-74.9530135466861,20
2016+,H,180,26.260198892478336,2.3940366271824276,-51.07853150668128,-85.21459859789078,36
2016+,H,250,21.743636767627507,4.416293049069786,-56.00120022424046,-83.93679261555337,50
2016+,G+B,30,15.064618233951377,12.307250511488398,-40.047920479253705,-54.814346639752976,6
2016+,G+B,60,13.713481173654696,10.06357480988469,-47.15728763055297,-67.05454924852812,12
2016+,G+B,90,14.727832729125545,-2.4803308541024194,-48.95448097820088,-68.76144157945308,18
2016+,G+B,100,12.344454173640106,6.561427316439872,-46.29579502382485,-76.66749288496939,20
2016+,G+B,180,12.236870835718616,3.9075654285651185,-43.56455247284118,-77.9963003648452,36
2016+,G+B,250,13.530653334682906,-3.4840747323794607,-41.491783610004674,-78.28368320578,50
2016+,G+H,30,22.299107237666917,14.69208186399571,-44.98419034808203,-66.27820770280017,6
2016+,G+H,60,25.635878628906163,12.881931572828954,-42.88045898003947,-84.01937872647277,12
2016+,G+H,90,20.77488060975108,12.240772349805118,-46.56743857613788,-78.38050552739193,18
2016+,G+H,100,19.98759593405439,8.612801529981429,-49.35467584295743,-76.67461213367027,20
2016+,G+H,180,23.06356012033883,-5.851515536933238,-44.98612157156589,-83.85110333215495,36
2016+,G+H,250,16.023658391106288,-3.0239675750306394,-45.76802064248945,-83.28250949711156,50
2016+,B+H,30,21.44620104108649,15.747903747890678,-54.437904052981374,-69.36786158149955,6
2016+,B+H,60,21.49975202426252,13.064759125372793,-57.53632036254202,-80.59795588289917,12
2016+,B+H,90,22.973905175059695,16.100218382610223,-57.65038838042943,-77.4944854412891,18
2016+,B+H,100,21.92604895569208,11.79936090998539,-56.79931382300588,-79.42633403642361,20
2016+,B+H,180,23.45196059101966,5.9143344897213845,-49.38528973137194,-85.21963829413954,36
2016+,B+H,250,19.858202343104622,5.342289159947811,-53.068957795455304,-84.12173740848905,50
2016+,G+B+H,30,20.261645477110143,13.22048948345036,-37.195217735521474,-62.540684717086826,6
2016+,G+B+H,60,21.648631093077718,9.428106461700425,-42.54292947780499,-81.34471171205671,12
2016+,G+B+H,90,19.371802205868562,13.631210011268525,-45.5304019938161,-71.35102148151707,18
2016+,G+B+H,100,20.21648213544619,10.093536897517463,-47.024868439638965,-70.69600148584958,20
2016+,G+B+H,180,18.605521583806617,1.3859344022351339,-42.052860176710084,-62.80883242310755,36
2016+,G+B+H,250,18.428035262497655,-3.8262732005186706,-44.520024119602155,-70.90288561202163,50
2016+,EW market,30,10.673924060453366,10.527433251512486,-57.188909494953236,-57.690525530257474,6
2016+,EW market,60,12.212923139194864,11.8681979235282,-55.632095099864216,-56.53868003219913,12
2016+,EW market,90,12.792193488682313,12.0269924778857,-54.60620489553829,-55.95160282815993,18
2016+,EW market,100,13.08299990598939,12.311584232606364,-54.46138976456017,-55.910238930066235,20
2016+,EW market,180,14.030649404315776,13.061289009953182,-53.51404444704948,-56.37193059866441,36
2016+,EW market,250,13.909351479402442,13.206767257122864,-52.81100621361073,-55.8508423021503,50
