year,industry,n,hits,stocks,hit_stocks,rate,lift
2016,Tyres & Rubber Products,137,69,6,5,0.5036496350364964,3.1499918696249187
2016,Fertilizers,57,28,5,4,0.49122807017543857,3.0723032829598744
2016,Sugar,145,63,10,7,0.43448275862068964,2.7173992830317513
2016,Financial Institution,89,31,4,4,0.34831460674157305,2.178475080654133
2016,LPG/CNG/PNG/LNG Supplier,87,26,4,4,0.2988505747126437,1.8691106179583477
2016,Commodity Chemicals,172,51,10,6,0.29651162790697677,1.8544820688464196
2017,Petrochemicals,131,69,7,4,0.5267175572519084,3.1538746635109303
2017,Breweries & Distilleries,192,90,8,6,0.46875,2.8067770442930153
2017,IT Enabled Services,225,99,11,9,0.44,2.634628052243044
2017,Iron & Steel,316,132,8,8,0.4177215189873418,2.5012291635218773
2017,"Gems, Jewellery And Watches",193,77,6,5,0.39896373056994816,2.388911446334366
2017,Diversified Retail,171,59,7,5,0.34502923976608185,2.06596298620866
2017,Iron & Steel Products,302,99,17,11,0.32781456953642385,1.962885138260546
2018,IT Enabled Services,237,23,11,6,0.0970464135021097,2.359101501945445
2018,Non Banking Financial Company (NBFC),585,52,16,6,0.08888888888888889,2.160800216274669
2019,LPG/CNG/PNG/LNG Supplier,234,47,5,4,0.20085470085470086,2.3468769543464667
2020,Iron & Steel,176,140,7,7,0.7954545454545454,2.106104279150264
2021,Commodity Chemicals,394,244,12,9,0.6192893401015228,2.4033142426985954
2021,Sugar,247,149,11,9,0.6032388663967612,2.341026181918493
2021,Plywood Boards/ Laminates,143,81,4,4,0.5664335664335665,2.198193589977157
2021,Other Electrical Equipment,105,55,5,5,0.5238095238095238,2.0327798454050963
2021,Other Textile Products,471,240,23,17,0.5095541401273885,1.9774581009152064
2022,Paper & Paper Products,89,44,8,6,0.4943820224719101,3.9387391376542866
2022,Aerospace & Defense,187,86,11,7,0.45989304812834225,3.663965648955507
2022,Other Agricultural Products,105,44,5,4,0.41904761904761906,3.3385503166783956
2022,Heavy Electrical Equipment,256,85,14,10,0.33203125,2.6452913331280787
2022,Commodity Chemicals,215,55,11,8,0.2558139534883721,2.038068507274602
2022,"Compressors, Pumps & Diesel Engines",110,28,6,5,0.2545454545454545,2.027962382445141
