feature,cov,spread_within_rank,bought_1_9,r10_25,r26plus,years_agree,two_se
mcap_cr,100,-19.4,-30.0,-12.3,-15.9,4,7.4
log_mcap,100,-19.4,-30.0,-12.3,-15.9,4,7.4
prom_buys90,99,17.6,15.5,23.5,13.9,3,9.6
avg_delivery_pct_20d,97,17.5,33.4,17.8,1.4,4,7.6
G,49,-17.1,-21.8,-15.5,-14.0,1,11.0
off_low,100,16.7,28.9,8.0,13.3,3,7.4
adv,100,-16.1,-23.9,-11.8,-12.5,4,7.4
log_adv,100,-16.1,-23.9,-11.8,-12.5,4,7.4
block_sells60,100,15.9,,41.8,-10.0,1,23.3
block_buys60,100,15.9,,41.8,-10.0,1,23.3
age_yrs,25,-15.1,-2.7,-24.6,-18.2,2,13.8
delivery_pct,97,14.4,27.3,14.4,1.4,4,7.5
ret252,100,14.3,19.2,7.1,16.7,3,7.4
sma50_200,100,13.7,26.9,6.9,7.2,2,7.4
px_sma200,100,13.1,20.5,9.0,9.9,2,7.4
ev60_buyback,100,13.0,,35.3,-9.2,1,23.3
E,17,12.2,31.5,11.5,-6.6,1,20.0
ret126,100,11.5,21.8,8.7,4.1,2,7.4
uc20,100,10.3,17.6,-1.0,14.4,3,9.4
dvol60,100,10.2,17.6,5.2,7.7,3,7.4
dvol20,100,10.2,17.6,4.3,8.7,3,7.4
mkt_ew_ret60,100,9.2,6.5,8.1,12.9,2,7.4
log_px,100,-8.5,-15.6,-1.4,-8.4,4,7.4
rsi_14_weekly,100,8.4,10.8,5.9,8.5,2,7.4
prom_sells90,99,8.3,9.3,16.9,-1.4,2,10.2
mkt_breadth,100,8.1,5.1,12.3,6.8,2,7.4
pe,77,-7.9,-12.0,-3.4,-8.1,4,8.5
P_pct,58,-7.9,-1.1,-8.8,-13.9,2,10.0
ev60_acquisition,100,7.2,13.8,9.3,-1.5,2,9.1
rsi_14_monthly,99,-6.8,-13.3,-4.7,-2.5,3,7.4
ev60_client_partner,100,-6.3,,-2.7,-9.9,3,14.4
ind_heat_pct,100,-6.0,-0.6,-6.1,-11.3,4,7.3
ret60,100,5.8,7.3,1.4,8.8,2,7.4
ev60_bonus_split,100,5.2,12.8,5.5,-2.6,3,19.5
pe_ind,77,-5.2,-10.8,1.1,-5.8,4,8.5
filings30_all,100,5.0,13.4,-2.6,4.3,2,8.1
ev60_order,100,4.9,16.9,-2.1,-0.1,2,15.5
ev60_approval_launch,100,-4.7,-2.0,-2.2,-9.8,3,16.0
ev60_fundraise_pref,100,-4.4,15.7,-16.6,-12.4,0,18.3
off_high,100,-4.3,-13.6,-0.9,1.6,3,7.4
sales_yoy,84,-4.2,-7.8,-4.4,-0.5,2,8.1
ind_heat,100,3.4,5.7,2.8,1.5,1,7.4
px_sma50,100,3.2,2.1,1.4,5.9,2,7.4
days_since_results,87,2.9,6.4,6.3,-3.9,3,7.9
volume_vs_20d,100,-2.8,-1.4,-1.2,-5.7,4,7.4
ind_n,100,2.6,8.5,1.5,-2.3,1,7.5
volume_vs_60d,100,-2.5,-1.7,-3.8,-1.9,3,7.4
traded_value_vs_60d,100,-2.2,-2.0,-2.6,-1.9,2,7.4
rank_in_ind_pct,100,-2.1,-6.3,0.4,-0.3,3,7.3
promoter_pct,38,-1.9,-26.5,11.3,9.6,1,12.7
eps_yoy,85,1.8,0.1,0.0,5.2,3,8.1
delivery_pct_vs_20d,97,1.7,-0.1,3.6,1.5,2,7.6
ret20,100,1.7,2.1,-1.7,4.8,2,7.4
prom_delta,28,1.5,-4.0,-3.6,12.1,1,16.9
ind_breadth,100,1.4,-1.9,0.6,5.4,2,7.3
ret5,100,-1.1,-3.0,0.7,-1.0,2,7.4
rsi_14_daily,100,1.0,-1.4,0.7,3.8,3,7.4
ind_ret20,100,0.7,0.6,-0.7,2.1,1,7.3
up20,100,0.7,2.2,-3.0,3.0,3,8.3
mkt_med_ret20,100,0.3,0.8,-2.4,2.5,3,7.3
