period,week_on_list,picks,stocks,avg,median,hit50,down30,gained_so_far
all years,1-7,2417.0,459.0,24.885818917694717,11.183407992744886,39.9669011170873,9.805544062887877,
all years,8,54.0,49.0,22.75378810155695,11.833836304422185,38.88888888888889,18.51851851851852,24.09982876802793
all years,9,44.0,39.0,20.184477358245655,7.005742619473454,34.090909090909086,20.454545454545457,25.43437549961125
all years,10,26.0,24.0,33.622331115036836,15.817382508558985,50.0,15.384615384615385,27.799182344021844
all years,11,21.0,20.0,37.254477350071646,21.262989608313365,47.61904761904761,19.047619047619047,35.88709677419355
all years,12,16.0,15.0,40.20972565628438,25.39820067185645,50.0,18.75,37.308987362820076
all years,13,6.0,6.0,28.615752002216293,-2.8209207112319055,33.33333333333333,33.33333333333333,27.65359488044914
all years,14,3.0,3.0,63.91773938921311,-4.502512562814076,33.33333333333333,0.0,25.342566671578016
all years,15,2.0,2.0,110.53890480087287,110.53890480087287,50.0,50.0,90.39419802052718
all years,16,2.0,2.0,99.00334649606745,99.00334649606745,50.0,50.0,107.27624662415653
all years,17,1.0,1.0,267.78656126482207,267.78656126482207,100.0,0.0,12.347134227199042
all years,18,1.0,1.0,234.54773869346738,234.54773869346738,100.0,0.0,17.283041108000564
all years,19,1.0,1.0,267.94569067296334,267.94569067296334,100.0,0.0,24.72373655517901
2019-22,1-7,1287.0,278.0,25.134159851953054,11.924407772158641,37.995337995338,8.780108780108781,
2019-22,8,26.0,25.0,19.36234706476506,15.3991812416581,30.76923076923077,23.076923076923077,22.894980691605493
2019-22,9,20.0,19.0,14.898303441067693,4.826304207866084,20.0,30.0,24.801553816416945
2019-22,10,10.0,10.0,45.00099153924727,31.084638400814878,50.0,10.0,11.685412406271306
2019-22,11,7.0,7.0,52.28777984946921,58.57561929595827,57.14285714285714,14.285714285714285,28.888888888888875
2019-22,12,4.0,4.0,37.89143885547538,34.556801619020995,50.0,25.0,11.671854482094734
2019-22,13,1.0,1.0,-10.067467342935077,-10.067467342935077,0.0,0.0,-5.193459235375409
2023+,1-7,1130.0,243.0,24.60297397752615,10.414854668300567,42.21238938053097,10.973451327433628,
2023+,8,28.0,24.0,25.902983350006558,8.884623702422145,46.42857142857143,14.285714285714285,26.24019574183267
2023+,9,24.0,20.0,24.589622289227293,14.686377580832987,45.83333333333333,12.5,29.027905698885327
2023+,10,16.0,14.0,26.51066834990531,10.1729872358571,50.0,18.75,35.22954610050022
2023+,11,14.0,13.0,29.737826100372867,17.828604844912523,42.857142857142854,21.428571428571427,40.608626217345765
2023+,12,12.0,11.0,40.98248792322071,25.39820067185645,50.0,16.666666666666664,38.63799940833056
2023+,13,5.0,5.0,36.35239587124657,4.425625920471266,40.0,40.0,31.24648547328961
2023+,14,3.0,3.0,63.91773938921311,-4.502512562814076,33.33333333333333,0.0,25.342566671578016
2023+,15,2.0,2.0,110.53890480087287,110.53890480087287,50.0,50.0,90.39419802052718
2023+,16,2.0,2.0,99.00334649606745,99.00334649606745,50.0,50.0,107.27624662415653
2023+,17,1.0,1.0,267.78656126482207,267.78656126482207,100.0,0.0,12.347134227199042
2023+,18,1.0,1.0,234.54773869346738,234.54773869346738,100.0,0.0,17.283041108000564
2023+,19,1.0,1.0,267.94569067296334,267.94569067296334,100.0,0.0,24.72373655517901
2019,1-7,131.0,36.0,2.318112734399636,-1.561216105176677,12.977099236641221,11.450381679389313,
2019,8,1.0,1.0,11.210925204000088,11.210925204000088,0.0,0.0,-4.677567941041005
2019,9,1.0,1.0,4.563002680965145,4.563002680965145,0.0,0.0,-14.306771073238133
2019,10,1.0,1.0,10.306190370534729,10.306190370534729,0.0,0.0,-16.959926301243666
2019,11,1.0,1.0,-5.236955943836241,-5.236955943836241,0.0,0.0,-5.762321510824497
2019,12,1.0,1.0,-3.413869289430549,-3.413869289430549,0.0,0.0,-3.0561953017042787
2019,13,1.0,1.0,-10.067467342935077,-10.067467342935077,0.0,0.0,-5.193459235375409
2020,1-7,391.0,103.0,53.23495218225207,29.269394604362976,46.03580562659847,4.859335038363171,
2020,8,8.0,8.0,74.85186963070379,57.284120091708935,62.5,0.0,25.37092110967332
2020,9,5.0,5.0,69.70484155999394,36.55627009646301,40.0,0.0,25.1583315134309
2020,10,3.0,3.0,81.239004783505,67.02888583218709,66.66666666666666,0.0,41.97423018126229
2020,11,3.0,3.0,71.62437333513513,58.57561929595827,66.66666666666666,0.0,40.790164180223385
2021,1-7,380.0,107.0,28.5036243557303,20.876841162630587,52.63157894736842,3.684210526315789,
2021,8,5.0,5.0,2.105589110003283,-12.125984251968514,40.0,40.0,45.46296296296295
2021,9,4.0,4.0,30.725356013927097,39.229484406370815,50.0,25.0,25.226728629770445
2021,10,3.0,3.0,53.28007414148913,89.52970297029704,66.66666666666666,33.33333333333333,25.555555555555554
2021,11,3.0,3.0,52.1260982949051,74.25623800383876,66.66666666666666,33.33333333333333,28.888888888888875
2021,12,3.0,3.0,51.65987490377736,72.52747252747254,66.66666666666666,33.33333333333333,24.746514575411904
2022,1-7,385.0,103.0,1.0331101371925941,0.11370096645819672,23.896103896103895,16.883116883116884,
2022,8,12.0,12.0,-9.761067009646263,-0.9369122257053275,8.333333333333332,33.33333333333333,15.554292853074802
2022,9,10.0,10.0,-17.802256571528947,-25.865810729217692,0.0,50.0,20.891413802138803
2022,10,3.0,3.0,12.048829415651852,9.166666666666679,33.33333333333333,0.0,-5.709219858156034
2023,1-7,368.0,89.0,55.35993053582339,38.26765990592461,59.5108695652174,2.717391304347826,
2023,8,7.0,6.0,72.61459380111882,70.59683676514477,57.14285714285714,0.0,27.388303668725023
2023,9,7.0,6.0,65.47261148138553,75.77580747308423,57.14285714285714,0.0,23.007812499999993
2023,10,6.0,5.0,34.61942263624091,49.77921814233818,50.0,0.0,24.09557471394843
2023,11,4.0,4.0,45.35563769527878,46.434666568227556,50.0,0.0,26.22125923235259
2023,12,4.0,4.0,46.24612771651237,53.128159791432694,50.0,0.0,23.378205593897572
2024,1-7,358.0,87.0,12.346492407720913,2.9704407643896147,41.62011173184357,13.966480446927374,
2024,8,9.0,9.0,5.460340800541601,-5.643738977072299,55.55555555555556,33.33333333333333,0.961112587474533
2024,9,8.0,8.0,-10.769821841663498,-17.40280512802211,37.5,25.0,20.776134062779384
2024,10,4.0,4.0,-30.945920969515072,-32.199105928452894,50.0,75.0,60.911103181425084
2024,11,4.0,4.0,-39.29242011399829,-37.0819157419328,25.0,75.0,65.00247456037121
2024,12,3.0,3.0,-36.33760158716477,-43.095070791035624,33.33333333333333,66.66666666666666,57.37610550002614
2024,13,2.0,2.0,-50.25554396167463,-50.25554396167463,0.0,100.0,80.63805079555344
2024,14,1.0,1.0,-28.641509433962263,-28.641509433962263,0.0,0.0,104.48265895953762
2024,15,1.0,1.0,-37.832446808510646,-37.832446808510646,0.0,100.0,160.97109826589596
2024,16,1.0,1.0,-43.0908679834748,-43.0908679834748,0.0,100.0,196.03179190751453
2025,1-7,331.0,97.0,2.0285465519899955,-3.3503836317135605,22.054380664652566,17.522658610271904,
2025,8,9.0,9.0,3.387309611601625,4.284712482468445,22.22222222222222,11.11111111111111,34.11875000000002
2025,9,6.0,6.0,11.165423660657707,7.367462067228702,33.33333333333333,16.666666666666664,30.600000000000005
2025,10,4.0,4.0,27.31815925458927,5.695934547234932,25.0,0.0,35.790120967741935
2025,11,4.0,4.0,30.123119686752304,6.262178533906527,25.0,0.0,41.255118546574465
2025,12,3.0,3.0,43.91913965697371,13.344346549192366,33.33333333333333,0.0,37.29838709677418
2025,13,1.0,1.0,4.425625920471266,4.425625920471266,0.0,0.0,10.693924091871644
2025,14,1.0,1.0,-4.502512562814076,-4.502512562814076,0.0,0.0,21.42857142857144
2026,1-7,73.0,29.0,32.01935570888728,21.203980099502484,49.31506849315068,8.21917808219178,
2026,8,3.0,3.0,45.78417449435431,15.924877797787506,66.66666666666666,0.0,25.09208781494032
2026,9,3.0,3.0,50.33622911370605,38.867667121418826,66.66666666666666,0.0,35.12597613083837
2026,10,2.0,2.0,115.48260232037136,115.48260232037136,100.0,0.0,28.214369800361204
2026,11,2.0,2.0,135.79210816654447,135.79210816654447,100.0,0.0,21.707722009481444
2026,12,2.0,2.0,142.03036500158612,142.03036500158612,100.0,0.0,30.962725890460696
2026,13,2.0,2.0,138.92372067955543,138.92372067955543,100.0,0.0,27.65359488044914
2026,14,1.0,1.0,224.89724016441568,224.89724016441568,100.0,0.0,25.342566671578016
2026,15,1.0,1.0,258.91025641025635,258.91025641025635,100.0,0.0,19.817297775158394
2026,16,1.0,1.0,241.09756097560972,241.09756097560972,100.0,0.0,18.520701340798574
2026,17,1.0,1.0,267.78656126482207,267.78656126482207,100.0,0.0,12.347134227199042
2026,18,1.0,1.0,234.54773869346738,234.54773869346738,100.0,0.0,17.283041108000564
2026,19,1.0,1.0,267.94569067296334,267.94569067296334,100.0,0.0,24.72373655517901
