symbol,i0,date,year,ret,typ,arm
CAPACITE,1155,2019-09-06,2019,-0.20238787580088724,0.8101781850194213,A24
MIDHANI,1198,2019-11-14,2019,0.06490014265335231,0.7886473429951691,A24
KNRCON,1322,2020-05-18,2020,1.2452439024390247,1.3847087378640777,A24
POWERMECH,1356,2020-07-06,2020,0.8857368421052633,0.8570497578240838,A24
SADBHAV,1452,2020-11-18,2020,-0.7257207207207207,0.9229729729729728,A24
PSPPROJECT,1528,2021-03-09,2021,0.3261331133113311,0.24193943493116998,A24
ZENTEC,1617,2021-07-20,2021,4.9916019417475725,0.15708502024291504,A24
NCLIND,1625,2021-08-02,2021,-0.2591059236021406,0.1667334134294488,A24
ADSL,1641,2021-08-25,2021,1.337735042735043,0.36452714501920913,A24
ADSL,1669,2021-10-05,2021,0.6319047619047621,0.2803532008830021,A24
GOCLCORP,1673,2021-10-11,2021,0.9946812187510486,0.2359241354299243,A24
OLECTRA,1693,2021-11-10,2021,0.9031816814558581,0.26276422764227636,A24
ZENTEC,1712,2021-12-08,2021,2.5259302325581396,0.36562331354560174,A24
IRB,1720,2021-12-20,2021,1.0167391304347824,0.4074883936861653,A24
OMINFRAL,1755,2022-02-08,2022,2.117692725298589,0.3947275878476688,A24
POWERMECH,1778,2022-03-14,2022,4.441628571428572,0.3666980109977718,A24
OMINFRAL,1781,2022-03-17,2022,1.9672222222222224,0.403664259927798,A24
MANINFRA,1799,2022-04-13,2022,0.7660049423393739,0.38455056179775293,A24
TEXRAIL,1816,2022-05-11,2022,3.2376550598476603,0.5613888888888889,A24
OLECTRA,1824,2022-05-23,2022,1.9297511312217197,0.42939260332131723,A24
WELENT,1829,2022-05-30,2022,4.2272946379767005,0.611633875106929,A24
BDL,1831,2022-06-01,2022,2.685841584158416,0.6229249011857707,A24
MTARTECH,1852,2022-06-30,2022,0.5285303388494876,0.8217266796155187,A24
OLECTRA,1868,2022-07-22,2022,1.5466074450084606,0.7039832741359022,A24
TALBROAUTO,1873,2022-07-29,2022,2.386,0.6715584415584415,A24
LIKHITHA,1930,2022-10-24,2022,0.9357894736842106,0.6072472053582829,A24
TECHNOE,1953,2022-11-28,2022,3.8889953035893994,0.6738064516129032,A24
TALBROAUTO,1957,2022-12-02,2022,2.3365,0.6290611028315949,A24
SALASAR,1969,2022-12-20,2022,0.21064885496183205,0.5524548814006601,A24
SKIPPER,1977,2022-12-30,2022,2.1064774085104054,0.47563353444445355,A24
LIKHITHA,1981,2023-01-05,2023,0.3811611767143154,0.5004801024218499,A24
GENUSPOWER,1997,2023-01-30,2023,2.449810495626822,0.4338012334458161,A24
SKIPPER,2002,2023-02-06,2023,2.6034704667074466,0.36012658227848116,A24
OLECTRA,2022,2023-03-06,2023,1.138904761904762,0.3991850040749796,A24
ZENTEC,2035,2023-03-24,2023,3.6389102564102567,0.40864680519606744,A24
BDL,2039,2023-03-31,2023,1.823832487309645,0.5555456733981196,A24
AHLUCONT,2057,2023-05-02,2023,0.7449063670411985,0.4529411764705884,A24
GIPCL,2071,2023-05-22,2023,0.951334501752629,0.47644160491249066,A24
ITI,2072,2023-05-23,2023,1.9418946894689468,0.4791205297653569,A24
RKFORGE,2090,2023-06-16,2023,0.5394827586206897,0.42784,A24
SKIPPER,2091,2023-06-19,2023,2.1700203782453005,0.41052631578947363,A24
MANINFRA,2095,2023-06-23,2023,0.5852127659574468,0.41417331541902336,A24
GENUSPOWER,2101,2023-07-04,2023,1.6370943851188424,0.39975369458128074,A24
OLECTRA,2104,2023-07-07,2023,0.19985252140818266,0.3815699658703071,A24
LIKHITHA,2113,2023-07-20,2023,-0.0331891168599464,0.30723958333333323,A24
SJVN,2115,2023-07-24,2023,0.7530037664783426,0.3018112225947429,A24
GENUSPOWER,2126,2023-08-08,2023,0.9571710526315788,0.25772080963059374,A24
ZENTEC,2157,2023-09-22,2023,1.0864252438491775,0.20448026477003844,A24
GOCLCORP,2167,2023-10-09,2023,-0.34228971962616817,0.18777231201686573,A24
GENUSPOWER,2168,2023-10-10,2023,0.1011381074168799,0.19623261545683945,A24
IRB,2181,2023-10-30,2023,0.2719911504424778,0.17207792207792205,A24
GENUSPOWER,2213,2023-12-15,2023,0.2461727078891257,-0.0064519904886853885,A24
TECHNOE,2222,2023-12-29,2023,0.2353940886699507,-0.038433598886554954,A24
BHEL,2233,2024-01-15,2024,0.264682151589242,-0.14101902825777596,A24
RUSTOMJEE,2239,2024-01-23,2024,-0.3453089887640449,-0.12013050440435474,A24
ASIANENE,2249,2024-02-07,2024,-0.05566789497927226,-0.15251207729468597,A24
VARROC,2249,2024-02-07,2024,-0.09380340481257166,-0.15251207729468597,A24
OLECTRA,2260,2024-02-22,2024,-0.5786124401913876,-0.2083185840707964,A24
SJVN,2273,2024-03-13,2024,-0.4149866250557289,-0.1849292993334034,A24
JBMA,2277,2024-03-19,2024,-0.4084574468085106,-0.1365020506530371,A24
TALBROAUTO,2295,2024-04-18,2024,0.11957569585879158,-0.1018496372980156,A24
GPTINFRA,2328,2024-06-05,2024,0.02810638297872348,-0.04041237113402063,A24
DCXINDIA,2346,2024-07-02,2024,-0.5456265060240965,-0.1706966130449673,A24
HPL,2353,2024-07-11,2024,-0.2832026768642447,-0.19748464170364477,A24
DIVGIITTS,2374,2024-08-12,2024,0.7303305634521463,-0.17634763476347637,A24
PARAS,2377,2024-08-16,2024,1.3945000000000003,-0.1615372598031557,A24
GENUSPOWER,2378,2024-08-19,2024,-0.1835320426418332,-0.18145493771014065,A24
INDIANHUME,2388,2024-09-02,2024,-0.40325571886499134,-0.23975192307692306,A24
DEEPINDS,2393,2024-09-09,2024,0.6328494623655915,-0.22308802722326926,A24
