,base,base,base,base,HIGH,HIGH,HIGH,HIGH,LOW,LOW,LOW,LOW,diff,weeks
,n,syms,P,hitsyms,n,syms,P,hitsyms,n,syms,P,hitsyms,pts,
half,,,,,,,,,,,,,,
2019H1,18181.0,1142.0,3.107639843792971,161.0,80.0,16.0,0.0,0.0,56.0,10.0,0.0,0.0,0.0,02-22..06-25
2019H2,26612.0,1152.0,12.851345257778446,507.0,175.0,21.0,13.142857142857142,4.0,68.0,12.0,0.0,0.0,13.142857142857142,07-02..12-31
2020H1,25107.0,1142.0,36.260803759907596,926.0,67.0,12.0,1.4925373134328357,1.0,89.0,14.0,23.595505617977526,3.0,-22.10296830454469,01-07..06-26
2020H2,29005.0,1210.0,40.696431649715564,961.0,322.0,28.0,38.50931677018634,18.0,300.0,27.0,50.0,21.0,-11.490683229813662,07-03..12-30
2021H1,27987.0,1253.0,45.35319969986065,999.0,413.0,29.0,40.92009685230024,16.0,365.0,27.0,50.136986301369866,18.0,-9.216889449069626,01-06..06-25
2021H2,28018.0,1280.0,25.05532157898494,723.0,367.0,26.0,13.623978201634879,9.0,517.0,34.0,28.820116054158607,18.0,-15.196137852523728,07-02..12-27
2022H1,32708.0,1425.0,14.632505808976399,701.0,176.0,27.0,13.636363636363635,6.0,385.0,34.0,18.961038961038962,14.0,-5.324675324675328,01-03..06-28
2022H2,33781.0,1479.0,13.045794973505817,575.0,532.0,46.0,13.533834586466165,17.0,544.0,43.0,18.198529411764707,19.0,-4.664694825298541,07-05..12-28
2023H1,28979.0,1303.0,26.301804755167534,759.0,608.0,52.0,50.0,37.0,518.0,49.0,34.36293436293436,28.0,15.63706563706564,01-04..06-23
2023H2,35680.0,1577.0,31.614349775784756,955.0,884.0,52.0,48.30316742081448,37.0,881.0,60.0,33.7116912599319,38.0,14.591476160882586,07-03..12-27
2024H1,38321.0,1699.0,24.866261318859113,1011.0,786.0,55.0,41.603053435114504,40.0,854.0,66.0,26.81498829039813,36.0,14.788065144716374,01-03..06-24
2024H2,43855.0,1787.0,10.548398130201802,603.0,794.0,63.0,7.052896725440807,15.0,1014.0,72.0,7.790927021696252,12.0,-0.7380302962554453,07-01..12-31
2025H1,42051.0,1818.0,13.388504435090724,769.0,278.0,45.0,6.83453237410072,5.0,292.0,42.0,19.17808219178082,4.0,-12.3435498176801,01-07..06-26
2025H2,34498.0,1861.0,5.533654124876804,323.0,487.0,52.0,2.4640657084188913,2.0,528.0,52.0,9.090909090909092,9.0,-6.6268433824902,07-03..12-26
2026H1,21352.0,1342.0,19.80142375421506,578.0,166.0,34.0,40.963855421686745,15.0,219.0,42.0,17.35159817351598,9.0,23.612257248170764,01-02..05-06
