,hotHIGH,hotHIGH,hotHIGH,hotHIGH,hotLOW,hotLOW,hotLOW,hotLOW,hotNOBOOK,hotNOBOOK,hotNOBOOK,hotNOBOOK,diff
,n,syms,P,hitsyms,n,syms,P,hitsyms,n,syms,P,hitsyms,pts
half,,,,,,,,,,,,,
2019H1,8.0,2.0,0.0,0.0,3.0,3.0,0.0,0.0,697.0,165.0,4.591104734576758,9.0,0.0
2019H2,13.0,3.0,38.46153846153847,2.0,9.0,1.0,0.0,0.0,801.0,179.0,6.491885143570538,15.0,38.46153846153847
2020H2,21.0,4.0,14.285714285714285,2.0,38.0,8.0,65.78947368421053,4.0,2735.0,440.0,37.62340036563071,230.0,-51.50375939849625
2021H1,12.0,3.0,50.0,2.0,24.0,10.0,41.66666666666667,5.0,2134.0,415.0,49.765698219306465,249.0,8.333333333333329
2021H2,13.0,6.0,15.384615384615385,2.0,26.0,7.0,30.76923076923077,4.0,2180.0,398.0,30.504587155963304,177.0,-15.384615384615385
2022H1,2.0,2.0,0.0,0.0,20.0,6.0,5.0,1.0,2322.0,354.0,14.685615848406547,107.0,-5.0
2022H2,93.0,25.0,6.451612903225806,2.0,63.0,19.0,3.1746031746031744,2.0,1338.0,309.0,20.62780269058296,65.0,3.2770097286226316
2023H1,202.0,30.0,59.900990099009896,23.0,150.0,27.0,45.33333333333333,18.0,1395.0,232.0,32.831541218637994,100.0,14.567656765676567
2023H2,80.0,12.0,33.75,7.0,97.0,15.0,19.587628865979383,7.0,1914.0,403.0,41.95402298850575,172.0,14.162371134020617
2024H1,80.0,26.0,22.5,9.0,150.0,23.0,33.33333333333333,10.0,1944.0,358.0,31.01851851851852,149.0,-10.833333333333329
2024H2,74.0,26.0,18.91891891891892,2.0,103.0,31.0,15.53398058252427,2.0,3076.0,626.0,12.321196358907672,115.0,3.384938336394649
2025H1,36.0,8.0,5.555555555555555,2.0,36.0,9.0,41.66666666666667,2.0,1135.0,329.0,11.98237885462555,48.0,-36.111111111111114
2025H2,49.0,10.0,0.0,0.0,40.0,13.0,2.5,1.0,1406.0,307.0,5.263157894736842,26.0,-2.5
2026H1,45.0,14.0,46.666666666666664,8.0,46.0,14.0,21.73913043478261,4.0,662.0,192.0,19.184290030211482,41.0,24.927536231884055
2020H1,,,,,5.0,5.0,0.0,0.0,1179.0,263.0,33.92705682782019,92.0,
