industry,n_symbols
Pharmaceuticals,159
Other Textile Products,148
Civil Construction,127
Auto Components & Equipments,122
"Residential, Commercial Projects",109
Iron & Steel Products,90
Non Banking Financial Company (NBFC),88
Industrial Products,87
Specialty Chemicals,85
IT Enabled Services,72
Computers - Software & Consulting,70
Packaging,51
Heavy Electrical Equipment,48
Investment Company,48
Diversified Commercial Services,47
"Gems, Jewellery And Watches",47
Hotels & Resorts,46
Logistics Solution Provider,43
Cement & Cement Products,41
Other Electrical Equipment,39
Garments & Apparels,38
Other Agricultural Products,38
Stockbroking & Allied,38
Other Financial Services,37
Trading & Distributors,36
Sugar,35
Commodity Chemicals,34
Power Generation,33
Household Appliances,31
Paper & Paper Products,30
Aerospace & Defense,28
Plastic Products - Industrial,27
Pesticides & Agrochemicals,27
Hospital,24
Packaged Foods,23
Tea & Coffee,22
Other Industrial Products,22
Private Sector Bank,22
Fertilizers,21
Public Sector Bank,21
Breweries & Distilleries,21
Edible Oil,20
Holding Company,20
Speciality Retail,19
Housing Finance Company,19
TV Broadcasting & Software Production,18
Software Products,18
Diversified Retail,17
Iron & Steel,17
Education,16
Consumer Electronics,16
Cables - Electricals,16
"Compressors, Pumps & Diesel Engines",15
Dyes And Pigments,14
Media & Entertainment,14
E-Retail/ E-Commerce,14
"Film Production, Distribution & Exhibition",13
Petrochemicals,13
Computers Hardware & Equipments,13
Telecom -  Equipment & Accessories,12
Plywood Boards/ Laminates,12
Castings & Forgings,12
Dairy Products,12
Healthcare Service Provider,12
Diversified,12
Financial Technology (Fintech),12
Personal Care,11
Restaurants,11
Passenger Cars & Utility Vehicles,11
Electrodes & Refractories,11
Plastic Products - Consumer,11
Industrial Minerals,11
Asset Management Company,11
Oil Exploration & Production,11
Tyres & Rubber Products,10
"Aluminium, Copper & Zinc Products",10
Paints,10
"Furniture, Home Furnishing",10
Other Bank,9
2/3 Wheelers,9
LPG/CNG/PNG/LNG Supplier,9
Business Process Outsourcing (BPO)/ Knowledge Process Outsourcing (KPO),9
Lubricants,9
Ceramics,9
Medical Equipment & Supplies,9
Rubber,9
"Tour, Travel Related Services",9
Shipping,9
Financial Institution,8
Advertising & Media Agencies,8
Leather And Leather Products,8
Aluminium,8
Coal,8
Footwear,8
Trading - Textile Products,8
Other Construction Materials,8
Other Food Products,8
Offshore Support Solution Drilling,8
Microfinance Institutions,7
Refineries & Marketing,7
Granites & Marbles,7
Life Insurance,7
Abrasives & Bearings,7
"Healthcare Research, Analytics & Technology",7
Stationary,7
Telecom - Cellular & Fixed line services,7
Ship Building & Allied Services,7
Trading - Metals,7
Telecom - Infrastructure,7
Ferro & Silica Manganese,6
"Road AssetsToll, Annuity, Hybrid-Annuity",6
General Insurance,6
E-Learning,6
Water Supply & Management,6
Household Products,6
Internet & Catalogue Retail,6
Animal Feed,6
Copper,6
Commercial Vehicles,6
Diversified Metals,6
Waste Management,6
Integrated Power Utilities,6
Other Telecom Services,5
Amusement Parks/ Other Recreation,5
Airline,5
Glass - Industrial,5
Diversified FMCG,5
Industrial Gases,5
Railway Wagons,5
Sponge Iron,5
Print Media,5
Electronic Media,5
Construction Vehicles,5
Carbon Black,4
Wellness,4
Printing & Publication,4
Trading - Chemicals,4
Port & Port services,4
Biotechnology,4
Seafood,4
Oil Equipment & Services,4
Cigarettes & Tobacco Products,4
Consulting Services,4
Explosives,4
Houseware,4
Exchange and Data Platform,4
Sanitary Ware,3
Auto Dealer,3
Precious Metals,3
Pig Iron,3
Airport & Airport services,3
Meat Products including Poultry,3
"Depositories, Clearing Houses and Other Intermediaries",3
Diversified consumer products,2
Gas Transmission/Marketing,2
Tractors,2
Other Consumer Services,2
Ratings,2
Industrial Machinery,2
Other Beverages,2
Real Estate related services,2
Transport Related Services,2
Printing Inks,2
Pharmacy Retail,2
Trading - Minerals,2
Digital Entertainment,2
Oil Storage & Transportation,2
Jute & Jute Products,2
Trading - Gas,2
Power Distribution,2
Other Capital Market related Services,2
"Dealers-Commercial Vehicles, Tractors, Construction Vehicles",2
Trading - Auto components,2
Dredging,2
Financial Products Distributor,2
Cycles,1
Zinc,1
Glass - Consumer,1
Web based media and service,1
Power - Transmission,1
Leisure Products,1
Trading - Coal,1
Insurance Distributors,1
Data Processing Services,1
Road Transport,1
Forest Products,1
Other Utilities,1
Distributors,1
Power Trading,1
