window,approach,hold,era,cagr_med,cagr_p10,cagr_worst_all,cagr_worst6,dd_med,dd_worst_all,dd_worst6,sharpe_med,trade_frac_med,invested_mean,uc_blocked,no_open,catchup_exits,phases_all,phases_fixed,pred_pit
2019+,BASELINE,30,all,16.099,13.651,13.524,13.524,-46.773,-57.9,-57.9,0.648,1.659,0.922,23,0,5,6,6,
2019+,BASELINE,30,disc,23.333,5.801,2.651,2.651,-37.997,-46.457,-46.457,,1.659,0.922,23,0,5,6,6,
2019+,BASELINE,30,conf,15.119,7.931,3.381,3.381,-46.147,-57.9,-57.9,,1.659,0.922,23,0,5,6,6,
2019+,BASELINE,60,all,22.994,10.087,9.033,11.297,-44.2,-62.702,-51.172,0.849,2.0,0.922,24,0,8,12,6,
2019+,BASELINE,60,disc,22.301,4.037,3.344,3.344,-39.089,-62.702,-49.79,,2.0,0.922,24,0,8,12,6,
2019+,BASELINE,60,conf,23.069,12.371,3.977,3.977,-41.768,-53.667,-51.172,,2.0,0.922,24,0,8,12,6,
2019+,BASELINE,90,all,21.708,11.22,-0.931,-0.931,-44.934,-68.006,-68.006,0.807,2.0,0.921,25,0,21,18,6,
2019+,BASELINE,90,disc,26.1,4.816,-18.68,-18.68,-40.48,-64.471,-64.471,,2.0,0.921,25,0,21,18,6,
2019+,BASELINE,90,conf,22.67,10.851,6.055,11.883,-40.55,-54.413,-54.413,,2.0,0.921,25,0,21,18,6,
2019+,BASELINE,100,all,21.4,14.344,10.116,14.879,-46.93,-65.57,-54.393,0.818,2.0,0.922,25,0,25,20,6,
2019+,BASELINE,100,disc,20.656,10.086,8.14,16.554,-39.528,-65.57,-54.393,,2.0,0.922,25,0,25,20,6,
2019+,BASELINE,100,conf,23.278,14.571,12.092,14.752,-40.22,-54.257,-50.001,,2.0,0.922,25,0,25,20,6,
2019+,BASELINE,180,all,22.021,15.487,10.248,10.248,-43.381,-64.176,-53.424,0.89,2.0,0.923,25,0,25,36,6,
2019+,BASELINE,180,disc,24.966,9.161,-6.15,-6.15,-41.232,-64.176,-53.424,,2.0,0.923,25,0,25,36,6,
2019+,BASELINE,180,conf,26.915,14.741,2.23,14.447,-38.301,-51.119,-45.333,,2.0,0.923,25,0,25,36,6,
2019+,BASELINE,250,all,25.791,14.704,-4.411,-4.411,-41.265,-64.176,-64.176,0.928,2.0,0.922,25,0,27,50,6,
2019+,BASELINE,250,disc,27.697,10.742,-14.826,-14.826,-37.688,-64.176,-64.176,,2.0,0.922,25,0,27,50,6,
2019+,BASELINE,250,conf,27.868,12.07,4.83,7.576,-34.875,-54.656,-51.705,,2.0,0.922,25,0,27,50,6,
2019+,G,30,all,15.509,7.683,5.736,5.736,-40.091,-49.273,-49.273,0.729,1.0,0.611,19,0,5,6,6,
2019+,G,30,disc,5.499,0.91,0.199,0.199,-40.091,-48.861,-48.861,,1.0,0.611,19,0,5,6,6,
2019+,G,30,conf,25.791,11.609,10.952,10.952,-22.885,-39.548,-39.548,,1.0,0.611,19,0,5,6,6,
2019+,G,60,all,15.897,8.668,8.261,8.368,-39.226,-62.702,-49.324,0.739,1.0,0.611,19,0,7,12,6,
2019+,G,60,disc,12.115,-1.603,-2.697,-2.697,-38.736,-62.702,-49.324,,1.0,0.611,19,0,7,12,6,
2019+,G,60,conf,24.27,10.631,7.265,12.697,-25.38,-37.373,-27.665,,1.0,0.611,19,0,7,12,6,
2019+,G,90,all,14.435,6.93,1.181,1.181,-41.757,-65.405,-65.405,0.725,1.0,0.611,20,0,18,18,6,
2019+,G,90,disc,14.959,-3.36,-18.643,-18.643,-41.403,-65.405,-65.405,,1.0,0.611,20,0,18,18,6,
2019+,G,90,conf,22.702,8.108,6.441,7.875,-25.818,-51.068,-51.068,,1.0,0.611,20,0,18,18,6,
2019+,G,100,all,14.708,6.98,3.779,9.061,-40.609,-62.702,-56.867,0.716,1.0,0.611,20,0,23,20,6,
2019+,G,100,disc,10.94,2.084,-4.087,2.513,-38.494,-62.702,-56.867,,1.0,0.611,20,0,23,20,6,
2019+,G,100,conf,20.167,9.755,-1.168,14.776,-27.554,-47.198,-35.419,,1.0,0.611,20,0,23,20,6,
2019+,G,180,all,16.969,7.865,3.399,9.87,-37.274,-62.702,-53.424,0.781,1.0,0.609,20,0,24,36,6,
2019+,G,180,disc,16.497,1.686,-7.15,-5.047,-33.344,-62.702,-53.424,,1.0,0.609,20,0,24,36,6,
2019+,G,180,conf,20.839,4.691,-6.439,4.876,-32.402,-51.695,-51.695,,1.0,0.609,20,0,24,36,6,
2019+,G,250,all,21.967,4.393,0.406,0.406,-36.854,-62.702,-62.702,0.906,1.0,0.611,20,0,26,50,6,
2019+,G,250,disc,17.098,4.263,-4.26,-3.886,-32.916,-62.702,-62.702,,1.0,0.611,20,0,26,50,6,
2019+,G,250,conf,19.304,0.0,-6.814,2.894,-31.434,-42.672,-33.45,,1.0,0.611,20,0,26,50,6,
2019+,B,30,all,24.128,20.875,18.114,18.114,-44.852,-57.234,-57.234,0.931,1.548,0.938,22,0,6,6,6,
2019+,B,30,disc,28.547,17.245,16.908,16.908,-41.78,-47.889,-47.889,,1.548,0.938,22,0,6,6,6,
2019+,B,30,conf,24.137,9.906,6.29,6.29,-40.573,-57.234,-57.234,,1.548,0.938,22,0,6,6,6,
2019+,B,60,all,25.491,14.284,12.959,13.897,-44.501,-67.061,-49.79,0.984,1.942,0.937,25,0,12,12,6,
2019+,B,60,disc,24.723,11.928,5.16,5.16,-43.368,-67.061,-49.79,,1.942,0.937,25,0,12,12,6,
2019+,B,60,conf,24.867,16.525,11.614,11.614,-38.018,-51.543,-45.165,,1.942,0.937,25,0,12,12,6,
2019+,B,90,all,23.023,14.454,6.419,15.063,-44.161,-71.435,-56.96,0.9,2.0,0.937,27,0,28,18,6,
2019+,B,90,disc,22.701,4.28,-0.51,5.903,-43.988,-71.435,-56.96,,2.0,0.937,27,0,28,18,6,
2019+,B,90,conf,28.93,14.948,8.334,15.304,-38.127,-48.173,-48.173,,2.0,0.937,27,0,28,18,6,
2019+,B,100,all,23.161,16.018,7.364,16.076,-43.359,-69.949,-60.348,0.9,2.0,0.938,26,0,34,20,6,
2019+,B,100,disc,18.546,10.96,2.932,10.864,-41.504,-69.949,-60.348,,2.0,0.938,26,0,34,20,6,
2019+,B,100,conf,26.174,17.551,13.213,17.571,-37.445,-47.222,-46.656,,2.0,0.938,26,0,34,20,6,
2019+,B,180,all,24.11,16.085,12.434,18.811,-41.232,-69.033,-53.424,0.97,1.954,0.938,26,0,42,36,6,
2019+,B,180,disc,24.724,9.193,4.226,10.043,-41.232,-69.033,-53.424,,1.954,0.938,26,0,42,36,6,
2019+,B,180,conf,27.857,16.705,8.767,15.643,-35.325,-45.989,-38.758,,1.954,0.938,26,0,42,36,6,
2019+,B,250,all,24.91,16.515,3.098,3.098,-41.232,-67.061,-67.061,1.001,1.991,0.937,26,0,48,50,6,
2019+,B,250,disc,27.989,11.635,-9.881,-9.881,-41.155,-67.061,-67.061,,1.991,0.937,26,0,48,50,6,
2019+,B,250,conf,26.231,15.669,12.974,15.699,-33.538,-50.668,-50.668,,1.991,0.937,26,0,48,50,6,
2019+,H,30,all,11.426,3.422,0.632,0.632,-60.207,-62.998,-62.998,0.514,1.656,0.94,20,1,3,6,6,
2019+,H,30,disc,11.653,-0.76,-2.197,-2.197,-50.993,-56.278,-56.278,,1.656,0.94,20,1,3,6,6,
2019+,H,30,conf,13.698,8.05,4.754,4.754,-52.859,-62.998,-62.998,,1.656,0.94,20,1,3,6,6,
2019+,H,60,all,16.491,10.291,5.324,5.324,-54.456,-64.106,-64.106,0.664,2.0,0.938,23,1,7,12,6,
2019+,H,60,disc,16.057,4.551,2.411,2.411,-52.048,-64.106,-64.106,,2.0,0.938,23,1,7,12,6,
2019+,H,60,conf,18.763,10.245,8.12,10.675,-46.318,-63.408,-56.404,,2.0,0.938,23,1,7,12,6,
2019+,H,90,all,22.874,14.27,13.729,15.633,-51.418,-60.779,-60.312,0.832,2.0,0.939,22,1,15,18,6,
2019+,H,90,disc,25.709,5.004,-1.605,7.648,-46.835,-60.779,-55.045,,2.0,0.939,22,1,15,18,6,
2019+,H,90,conf,25.347,8.075,7.396,7.396,-42.616,-60.312,-60.312,,2.0,0.939,22,1,15,18,6,
2019+,H,100,all,20.703,15.865,11.558,11.558,-49.362,-63.385,-57.937,0.789,2.0,0.938,24,1,19,20,6,
2019+,H,100,disc,21.055,6.637,1.846,7.819,-45.611,-61.806,-57.937,,2.0,0.938,24,1,19,20,6,
2019+,H,100,conf,20.56,14.038,11.108,14.589,-42.593,-59.394,-52.121,,2.0,0.938,24,1,19,20,6,
2019+,H,180,all,25.043,14.481,9.476,9.476,-50.864,-64.176,-64.176,0.909,2.0,0.937,25,1,19,36,6,
2019+,H,180,disc,19.423,2.251,-9.777,-9.777,-46.106,-64.176,-64.176,,2.0,0.937,25,1,19,36,6,
2019+,H,180,conf,30.725,19.711,8.638,21.092,-35.488,-62.648,-51.908,,2.0,0.937,25,1,19,36,6,
2019+,H,250,all,25.613,13.852,6.565,13.458,-47.143,-71.451,-71.451,0.945,2.0,0.939,25,1,27,50,6,
2019+,H,250,disc,19.394,3.095,-11.225,-5.661,-44.756,-71.451,-71.451,,2.0,0.939,25,1,27,50,6,
2019+,H,250,conf,31.582,18.548,8.633,20.772,-34.548,-53.482,-48.125,,2.0,0.939,25,1,27,50,6,
2019+,G+B,30,all,21.483,10.145,7.23,7.23,-37.589,-47.889,-47.889,1.006,1.0,0.616,19,0,5,6,6,
2019+,G+B,30,disc,10.916,6.381,3.399,3.399,-37.589,-47.889,-47.889,,1.0,0.616,19,0,5,6,6,
2019+,G+B,30,conf,29.851,14.226,11.94,11.94,-16.092,-32.324,-32.324,,1.0,0.616,19,0,5,6,6,
2019+,G+B,60,all,17.913,10.044,8.546,9.953,-43.28,-67.061,-49.324,0.864,1.0,0.616,19,0,7,12,6,
2019+,G+B,60,disc,15.606,0.327,-1.881,-1.881,-43.28,-67.061,-49.324,,1.0,0.616,19,0,7,12,6,
2019+,G+B,60,conf,24.663,14.045,10.032,15.836,-22.992,-37.352,-24.657,,1.0,0.616,19,0,7,12,6,
2019+,G+B,90,all,19.583,7.071,6.448,10.123,-43.253,-71.435,-58.588,0.859,1.0,0.616,21,0,21,18,6,
2019+,G+B,90,disc,13.339,-4.818,-7.284,-4.692,-43.253,-71.435,-58.588,,1.0,0.616,21,0,21,18,6,
2019+,G+B,90,conf,24.619,10.052,6.951,14.846,-21.137,-41.509,-37.194,,1.0,0.616,21,0,21,18,6,
2019+,G+B,100,all,15.701,8.979,4.85,9.375,-42.317,-67.061,-60.348,0.76,1.0,0.616,20,0,28,20,6,
2019+,G+B,100,disc,12.748,-0.514,-5.614,5.096,-42.317,-67.061,-60.348,,1.0,0.616,20,0,28,20,6,
2019+,G+B,100,conf,19.645,9.747,1.504,14.095,-24.242,-40.09,-32.8,,1.0,0.616,20,0,28,20,6,
2019+,G+B,180,all,16.873,9.536,2.969,11.336,-40.01,-69.033,-53.424,0.813,1.0,0.614,20,0,31,36,6,
2019+,G+B,180,disc,17.121,3.647,-4.014,-1.105,-31.404,-69.033,-53.424,,1.0,0.614,20,0,31,36,6,
2019+,G+B,180,conf,20.277,6.255,-6.375,7.601,-31.511,-45.0,-43.263,,1.0,0.614,20,0,31,36,6,
2019+,G+B,250,all,20.455,4.839,-0.142,-0.142,-36.064,-67.061,-67.061,0.951,1.0,0.616,20,0,36,50,6,
2019+,G+B,250,disc,17.578,3.551,-16.357,-5.546,-33.142,-67.061,-67.061,,1.0,0.616,20,0,36,50,6,
2019+,G+B,250,conf,20.333,0.0,-2.699,4.094,-30.51,-39.865,-33.715,,1.0,0.616,20,0,36,50,6,
2019+,G+H,30,all,9.33,6.844,5.807,5.807,-53.13,-66.178,-66.178,0.491,1.0,0.629,18,1,3,6,6,
2019+,G+H,30,disc,4.279,-2.606,-4.778,-4.778,-53.13,-66.178,-66.178,,1.0,0.629,18,1,3,6,6,
2019+,G+H,30,conf,20.094,12.586,11.908,11.908,-30.323,-47.076,-47.076,,1.0,0.629,18,1,3,6,6,
2019+,G+H,60,all,16.971,11.206,10.195,11.161,-41.491,-65.95,-65.95,0.761,1.0,0.627,20,1,7,12,6,
2019+,G+H,60,disc,16.416,1.307,0.108,0.108,-38.636,-65.95,-65.95,,1.0,0.627,20,1,7,12,6,
2019+,G+H,60,conf,18.724,12.095,6.764,15.433,-28.215,-42.778,-34.617,,1.0,0.627,20,1,7,12,6,
2019+,G+H,90,all,18.914,10.63,7.208,11.154,-45.221,-57.235,-56.441,0.822,1.0,0.628,20,1,14,18,6,
2019+,G+H,90,disc,20.74,5.388,-0.985,8.113,-43.803,-53.804,-53.679,,1.0,0.628,20,1,14,18,6,
2019+,G+H,90,conf,16.521,9.696,3.479,6.062,-27.51,-56.441,-56.441,,1.0,0.628,20,1,14,18,6,
2019+,G+H,100,all,16.868,8.135,5.259,5.741,-45.008,-61.289,-56.201,0.768,1.0,0.627,21,1,18,20,6,
2019+,G+H,100,disc,17.156,0.143,-5.322,-5.322,-42.99,-59.62,-56.201,,1.0,0.627,21,1,18,20,6,
2019+,G+H,100,conf,17.282,5.563,-4.669,12.076,-30.332,-45.478,-41.751,,1.0,0.627,21,1,18,20,6,
2019+,G+H,180,all,17.426,5.855,-0.234,-0.234,-38.097,-64.176,-51.955,0.811,1.0,0.624,22,1,16,36,6,
2019+,G+H,180,disc,17.097,2.324,-5.799,-5.799,-35.479,-64.176,-51.955,,1.0,0.624,22,1,16,36,6,
2019+,G+H,180,conf,20.384,-0.978,-13.04,-0.186,-32.366,-54.422,-50.282,,1.0,0.624,22,1,16,36,6,
2019+,G+H,250,all,19.237,2.709,-11.303,-11.303,-37.127,-72.674,-72.674,0.787,1.0,0.628,22,1,21,50,6,
2019+,G+H,250,disc,20.221,-3.571,-24.699,-24.699,-35.079,-72.674,-72.674,,1.0,0.628,22,1,21,50,6,
2019+,G+H,250,conf,24.359,-0.123,-6.428,3.013,-30.75,-53.482,-32.883,,1.0,0.628,22,1,21,50,6,
2019+,B+H,30,all,18.352,10.693,8.483,8.483,-45.376,-48.329,-48.329,0.761,1.519,0.961,22,2,11,6,6,
2019+,B+H,30,disc,10.651,3.362,-1.527,-1.527,-43.471,-46.841,-46.841,,1.519,0.961,22,2,11,6,6,
2019+,B+H,30,conf,23.407,19.633,18.965,18.965,-43.633,-48.329,-48.329,,1.519,0.961,22,2,11,6,6,
2019+,B+H,60,all,19.586,13.705,7.549,7.549,-45.269,-59.306,-59.306,0.809,1.843,0.96,27,3,19,12,6,
2019+,B+H,60,disc,16.608,0.49,-1.707,-1.707,-42.998,-59.306,-59.306,,1.843,0.96,27,3,19,12,6,
2019+,B+H,60,conf,28.903,17.813,16.479,19.462,-42.878,-48.63,-48.63,,1.843,0.96,27,3,19,12,6,
2019+,B+H,90,all,23.316,13.437,12.672,13.442,-42.891,-52.133,-52.133,0.926,1.869,0.961,26,3,37,18,6,
2019+,B+H,90,disc,18.516,11.661,10.304,12.361,-42.158,-50.905,-48.031,,1.869,0.961,26,3,37,18,6,
2019+,B+H,90,conf,28.737,15.474,13.966,15.499,-38.277,-52.133,-52.133,,1.869,0.961,26,3,37,18,6,
2019+,B+H,100,all,22.728,19.126,15.747,15.747,-43.99,-53.928,-53.928,0.891,1.889,0.96,29,3,44,20,6,
2019+,B+H,100,disc,17.094,11.692,9.532,12.069,-38.629,-53.928,-53.928,,1.889,0.96,29,3,44,20,6,
2019+,B+H,100,conf,28.663,20.623,14.538,20.215,-37.405,-48.928,-45.246,,1.889,0.96,29,3,44,20,6,
2019+,B+H,180,all,23.846,15.482,13.423,16.655,-40.415,-64.176,-64.176,0.942,1.882,0.96,30,3,58,36,6,
2019+,B+H,180,disc,21.016,0.177,-4.508,0.446,-39.445,-64.176,-64.176,,1.882,0.96,30,3,58,36,6,
2019+,B+H,180,conf,33.507,22.55,15.723,22.619,-33.194,-41.061,-38.522,,1.882,0.96,30,3,58,36,6,
2019+,B+H,250,all,24.634,16.357,12.646,12.646,-43.072,-66.184,-64.692,0.999,1.925,0.961,30,2,69,50,6,
2019+,B+H,250,disc,16.77,2.637,-7.572,-5.9,-43.072,-66.184,-64.692,,1.925,0.961,30,2,69,50,6,
2019+,B+H,250,conf,33.624,23.741,17.938,21.707,-33.234,-40.542,-40.542,,1.925,0.961,30,2,69,50,6,
2019+,G+B+H,30,all,12.455,10.008,9.214,9.214,-42.36,-48.698,-48.698,0.653,1.0,0.642,20,1,10,6,6,
2019+,G+B+H,30,disc,4.143,-1.022,-4.502,-4.502,-42.36,-48.698,-48.698,,1.0,0.642,20,1,10,6,6,
2019+,G+B+H,30,conf,28.717,17.973,16.868,16.868,-19.013,-36.898,-36.898,,1.0,0.642,20,1,10,6,6,
2019+,G+B+H,60,all,18.824,9.082,7.396,7.396,-37.364,-61.187,-61.187,0.936,1.0,0.641,22,2,14,12,6,
2019+,G+B+H,60,disc,11.736,-3.319,-7.019,-7.019,-37.364,-61.187,-61.187,,1.0,0.641,22,2,14,12,6,
2019+,G+B+H,60,conf,27.86,11.7,11.358,21.515,-21.926,-37.65,-24.573,,1.0,0.641,22,2,14,12,6,
2019+,G+B+H,90,all,17.203,14.097,7.128,16.223,-41.875,-54.148,-51.632,0.832,1.0,0.642,22,2,31,18,6,
2019+,G+B+H,90,disc,15.32,9.84,3.592,9.583,-40.135,-54.148,-51.632,,1.0,0.642,22,2,31,18,6,
2019+,G+B+H,90,conf,22.924,14.062,8.595,18.006,-22.09,-45.191,-40.081,,1.0,0.642,22,2,31,18,6,
2019+,G+B+H,100,all,16.078,11.975,8.581,13.046,-38.803,-56.431,-53.928,0.762,1.0,0.641,24,2,38,20,6,
2019+,G+B+H,100,disc,10.375,4.677,1.194,4.93,-37.141,-56.431,-53.928,,1.0,0.641,24,2,38,20,6,
2019+,G+B+H,100,conf,20.562,8.632,-0.733,13.326,-25.845,-39.225,-39.225,,1.0,0.641,24,2,38,20,6,
2019+,G+B+H,180,all,18.711,8.482,2.685,9.701,-36.323,-64.176,-51.955,0.922,1.0,0.639,25,2,43,36,6,
2019+,G+B+H,180,disc,18.389,5.754,2.337,5.304,-35.364,-64.176,-51.955,,1.0,0.639,25,2,43,36,6,
2019+,G+B+H,180,conf,21.955,6.261,-5.909,6.788,-31.544,-41.663,-41.399,,1.0,0.639,25,2,43,36,6,
2019+,G+B+H,250,all,20.334,3.231,-9.019,-9.019,-36.469,-69.151,-69.151,0.988,1.125,0.641,25,2,51,50,6,
2019+,G+B+H,250,disc,17.828,-8.842,-19.298,-19.298,-35.951,-67.84,-67.84,,1.125,0.641,25,2,51,50,6,
2019+,G+B+H,250,conf,26.74,-0.025,-2.207,4.354,-29.279,-38.335,-33.286,,1.125,0.641,25,2,51,50,6,
2019+,MODEL top-10,30,all,26.072,14.409,13.565,13.565,-61.144,-64.356,-64.356,0.934,1.6,0.985,46,1,6,6,6,True
2019+,MODEL top-10,30,disc,14.956,-0.152,-1.396,-1.396,-61.144,-64.356,-64.356,,1.6,0.985,46,1,6,6,6,True
2019+,MODEL top-10,30,conf,36.707,31.996,30.887,30.887,-40.28,-47.19,-47.19,,1.6,0.985,46,1,6,6,6,True
2019+,MODEL top-10,60,all,22.123,11.653,10.302,16.053,-57.618,-69.991,-64.964,0.839,1.8,0.984,52,1,10,12,6,True
2019+,MODEL top-10,60,disc,13.451,-2.791,-9.592,3.383,-57.003,-69.991,-64.964,,1.8,0.984,52,1,10,12,6,True
2019+,MODEL top-10,60,conf,35.884,21.558,13.077,20.404,-41.742,-57.896,-50.535,,1.8,0.984,52,1,10,12,6,True
2019+,MODEL top-10,90,all,23.111,16.498,14.638,15.385,-56.65,-65.689,-65.689,0.852,1.8,0.984,49,1,7,18,6,True
2019+,MODEL top-10,90,disc,14.275,5.235,-0.919,-0.919,-56.65,-65.689,-65.689,,1.8,0.984,49,1,7,18,6,True
2019+,MODEL top-10,90,conf,34.71,24.525,22.657,25.451,-42.246,-55.881,-47.877,,1.8,0.984,49,1,7,18,6,True
2019+,MODEL top-10,100,all,25.51,17.797,14.267,17.494,-55.9,-62.011,-59.875,0.928,1.8,0.984,51,1,5,20,6,True
2019+,MODEL top-10,100,disc,14.392,7.506,0.097,0.097,-55.9,-62.011,-59.875,,1.8,0.984,51,1,5,20,6,True
2019+,MODEL top-10,100,conf,40.759,18.14,10.459,10.459,-44.052,-54.512,-54.512,,1.8,0.984,51,1,5,20,6,True
2019+,MODEL top-10,180,all,29.995,19.955,15.453,22.163,-53.239,-65.164,-60.355,1.089,1.935,0.983,54,1,5,36,6,True
2019+,MODEL top-10,180,disc,20.594,10.676,5.125,10.621,-52.574,-65.164,-60.355,,1.935,0.983,54,1,5,36,6,True
2019+,MODEL top-10,180,conf,36.646,22.233,12.548,28.704,-42.346,-55.359,-44.562,,1.935,0.983,54,1,5,36,6,True
2019+,MODEL top-10,250,all,29.355,19.478,12.746,12.746,-51.654,-64.812,-61.671,1.049,2.0,0.982,55,1,16,50,6,True
2019+,MODEL top-10,250,disc,23.11,9.982,-0.388,0.769,-51.654,-64.812,-61.671,,2.0,0.982,55,1,16,50,6,True
2019+,MODEL top-10,250,conf,36.661,27.072,22.493,24.103,-39.206,-50.148,-47.955,,2.0,0.982,55,1,16,50,6,True
2019+,MODEL top-20,30,all,23.232,19.409,17.718,17.718,-58.847,-61.96,-61.96,0.905,1.502,0.99,58,0,10,6,6,True
2019+,MODEL top-20,30,disc,14.101,5.774,3.337,3.337,-58.847,-61.96,-61.96,,1.502,0.99,58,0,10,6,6,True
2019+,MODEL top-20,30,conf,35.609,24.283,23.156,23.156,-42.296,-44.878,-44.878,,1.502,0.99,58,0,10,6,6,True
2019+,MODEL top-20,60,all,20.437,15.08,13.676,16.724,-56.818,-65.178,-62.409,0.832,1.698,0.989,65,1,15,12,6,True
2019+,MODEL top-20,60,disc,16.395,2.952,-4.264,2.723,-56.818,-65.178,-62.409,,1.698,0.989,65,1,15,12,6,True
2019+,MODEL top-20,60,conf,30.573,23.919,23.487,23.487,-43.29,-48.034,-48.034,,1.698,0.989,65,1,15,12,6,True
2019+,MODEL top-20,90,all,22.101,17.65,16.102,17.51,-56.251,-63.406,-62.548,0.889,1.767,0.989,64,1,14,18,6,True
2019+,MODEL top-20,90,disc,17.547,7.11,1.066,1.066,-56.251,-63.406,-62.548,,1.767,0.989,64,1,14,18,6,True
2019+,MODEL top-20,90,conf,32.01,24.176,19.703,19.703,-39.422,-55.487,-44.621,,1.767,0.989,64,1,14,18,6,True
2019+,MODEL top-20,100,all,21.963,16.511,14.212,19.724,-55.814,-63.545,-57.371,0.904,1.799,0.989,66,1,13,20,6,True
2019+,MODEL top-20,100,disc,12.733,8.517,4.487,4.487,-55.814,-63.545,-57.371,,1.799,0.989,66,1,13,20,6,True
2019+,MODEL top-20,100,conf,34.543,24.841,18.938,18.976,-42.571,-51.487,-45.559,,1.799,0.989,66,1,13,20,6,True
2019+,MODEL top-20,180,all,28.726,21.336,19.993,26.479,-51.765,-63.237,-61.987,1.104,1.9,0.988,69,1,20,36,6,True
2019+,MODEL top-20,180,disc,24.056,12.573,6.226,9.348,-51.765,-63.237,-61.987,,1.9,0.988,69,1,20,36,6,True
2019+,MODEL top-20,180,conf,36.538,25.579,20.752,26.88,-39.24,-49.801,-39.528,,1.9,0.988,69,1,20,36,6,True
2019+,MODEL top-20,250,all,29.972,20.508,11.623,18.984,-50.592,-63.286,-63.286,1.133,1.95,0.987,73,1,43,50,6,True
2019+,MODEL top-20,250,disc,25.441,13.498,-4.915,3.291,-50.592,-63.286,-63.286,,1.95,0.987,73,1,43,50,6,True
2019+,MODEL top-20,250,conf,36.509,25.824,21.613,26.513,-37.172,-44.823,-42.517,,1.95,0.987,73,1,43,50,6,True
2019+,EW market,30,all,17.793,16.813,16.475,16.475,-42.464,-43.031,-43.031,0.935,0.34,0.997,113,12,233,6,6,
2019+,EW market,30,disc,17.255,15.659,15.158,15.158,-42.464,-43.031,-43.031,,0.34,0.997,113,12,233,6,6,
2019+,EW market,30,conf,19.153,18.851,18.772,18.772,-26.629,-26.719,-26.719,,0.34,0.997,113,12,233,6,6,
2019+,EW market,60,all,17.793,17.288,17.231,17.231,-42.08,-43.629,-43.336,0.936,0.425,0.997,126,16,438,12,6,
2019+,EW market,60,disc,16.876,15.941,15.802,15.802,-42.08,-43.629,-43.336,,0.425,0.997,126,16,438,12,6,
2019+,EW market,60,conf,19.49,19.022,18.827,18.827,-26.633,-27.151,-27.151,,0.425,0.997,126,16,438,12,6,
2019+,EW market,90,all,17.952,17.328,17.274,17.33,-41.92,-44.037,-44.037,0.944,0.477,0.997,124,14,620,18,6,
2019+,EW market,90,disc,17.198,16.315,15.975,15.975,-41.92,-44.037,-44.037,,0.477,0.997,124,14,620,18,6,
2019+,EW market,90,conf,19.851,19.18,19.14,19.221,-26.575,-27.257,-27.257,,0.477,0.997,124,14,620,18,6,
2019+,EW market,100,all,18.078,17.402,17.226,17.507,-41.966,-43.44,-43.402,0.951,0.493,0.997,130,13,684,20,6,
2019+,EW market,100,disc,17.284,15.733,15.428,16.407,-41.966,-43.44,-43.402,,0.493,0.997,130,13,684,20,6,
2019+,EW market,100,conf,19.901,19.498,19.394,19.394,-26.498,-27.135,-26.907,,0.493,0.997,130,13,684,20,6,
2019+,EW market,180,all,19.483,17.987,17.476,17.575,-41.048,-44.317,-44.317,1.013,0.599,0.997,134,14,1117,36,6,
2019+,EW market,180,disc,19.255,16.666,15.593,15.593,-41.048,-44.317,-44.317,,0.599,0.997,134,14,1117,36,6,
2019+,EW market,180,conf,20.272,19.616,18.942,19.628,-26.438,-27.055,-26.537,,0.599,0.997,134,14,1117,36,6,
2019+,EW market,250,all,20.123,18.416,17.734,18.43,-40.572,-43.634,-43.341,1.038,0.7,0.997,143,15,1498,50,6,
2019+,EW market,250,disc,20.261,16.871,15.321,16.572,-40.572,-43.634,-43.341,,0.7,0.997,143,15,1498,50,6,
2019+,EW market,250,conf,20.282,19.749,19.586,20.044,-26.158,-28.366,-26.89,,0.7,0.997,143,15,1498,50,6,
2016+,BASELINE,30,all,15.112,12.131,11.406,11.406,-49.825,-57.9,-57.9,0.616,1.693,0.935,25,0,7,6,6,
2016+,BASELINE,30,disc,17.191,7.951,4.929,4.929,-42.056,-52.774,-52.774,,1.693,0.935,25,0,7,6,6,
2016+,BASELINE,30,conf,15.119,7.931,3.381,3.381,-46.147,-57.9,-57.9,,1.693,0.935,25,0,7,6,6,
2016+,BASELINE,60,all,18.155,9.385,9.02,9.02,-50.127,-62.702,-62.702,0.713,2.0,0.934,27,0,11,12,6,
2016+,BASELINE,60,disc,19.443,5.28,3.712,3.712,-43.445,-62.702,-62.702,,2.0,0.934,27,0,11,12,6,
2016+,BASELINE,60,conf,23.069,12.371,3.977,3.977,-41.768,-53.667,-53.667,,2.0,0.934,27,0,11,12,6,
2016+,BASELINE,90,all,17.165,7.22,-0.686,6.909,-51.855,-76.835,-55.265,0.667,2.0,0.935,28,0,27,18,6,
2016+,BASELINE,90,disc,16.23,-0.805,-11.698,-4.867,-51.49,-76.835,-55.265,,2.0,0.935,28,0,27,18,6,
2016+,BASELINE,90,conf,22.67,10.851,6.055,6.055,-40.55,-54.413,-47.68,,2.0,0.935,28,0,27,18,6,
2016+,BASELINE,100,all,16.898,10.883,4.413,10.989,-54.061,-68.33,-68.33,0.685,2.0,0.935,28,0,31,20,6,
2016+,BASELINE,100,disc,14.404,7.58,-0.416,5.352,-53.379,-68.33,-68.33,,2.0,0.935,28,0,31,20,6,
2016+,BASELINE,100,conf,23.278,14.571,12.092,19.432,-40.22,-54.257,-40.545,,2.0,0.935,28,0,31,20,6,
2016+,BASELINE,180,all,17.933,13.647,3.298,13.807,-49.109,-78.514,-63.679,0.705,2.0,0.934,28,0,44,36,6,
2016+,BASELINE,180,disc,17.816,7.208,-10.495,3.957,-49.109,-78.514,-63.679,,2.0,0.934,28,0,44,36,6,
2016+,BASELINE,180,conf,26.915,14.741,2.23,2.23,-38.301,-51.119,-43.616,,2.0,0.934,28,0,44,36,6,
2016+,BASELINE,250,all,20.682,9.029,-3.257,9.118,-52.115,-77.664,-72.073,0.799,2.0,0.933,28,0,58,50,6,
2016+,BASELINE,250,disc,16.697,2.94,-8.345,0.897,-51.557,-77.664,-72.073,,2.0,0.933,28,0,58,50,6,
2016+,BASELINE,250,conf,27.868,12.07,4.83,20.848,-34.875,-54.656,-36.636,,2.0,0.933,28,0,58,50,6,
2016+,G,30,all,10.216,5.305,2.643,2.643,-46.931,-51.526,-51.526,0.519,1.0,0.63,21,0,7,6,6,
2016+,G,30,disc,5.466,-2.102,-2.776,-2.776,-46.931,-51.526,-51.526,,1.0,0.63,21,0,7,6,6,
2016+,G,30,conf,25.791,11.609,10.952,10.952,-22.885,-39.548,-39.548,,1.0,0.63,21,0,7,6,6,
2016+,G,60,all,11.471,7.077,6.338,6.338,-49.449,-62.702,-62.702,0.582,1.0,0.629,21,0,10,12,6,
2016+,G,60,disc,6.472,1.127,-0.286,-0.286,-48.201,-62.702,-62.702,,1.0,0.629,21,0,10,12,6,
2016+,G,60,conf,24.27,10.631,7.265,7.265,-25.38,-37.373,-37.373,,1.0,0.629,21,0,10,12,6,
2016+,G,90,all,12.76,3.607,-2.432,2.508,-50.447,-72.427,-54.323,0.61,1.0,0.629,22,0,21,18,6,
2016+,G,90,disc,6.825,-5.785,-16.242,-6.677,-49.575,-72.427,-54.323,,1.0,0.629,22,0,21,18,6,
2016+,G,90,conf,22.702,8.108,6.441,9.424,-25.818,-51.068,-45.99,,1.0,0.629,22,0,21,18,6,
2016+,G,100,all,11.798,2.047,-0.539,0.026,-46.335,-71.971,-68.24,0.568,1.0,0.629,22,0,26,20,6,
2016+,G,100,disc,5.176,-3.027,-8.768,-6.774,-46.335,-71.971,-68.24,,1.0,0.629,22,0,26,20,6,
2016+,G,100,conf,20.167,9.755,-1.168,10.157,-27.554,-47.198,-39.886,,1.0,0.629,22,0,26,20,6,
2016+,G,180,all,14.208,5.486,3.885,5.486,-44.881,-72.831,-58.416,0.68,1.0,0.628,22,0,39,36,6,
2016+,G,180,disc,12.423,1.188,-8.839,2.856,-44.539,-72.831,-58.416,,1.0,0.628,22,0,39,36,6,
2016+,G,180,conf,20.839,4.691,-6.439,-6.199,-32.402,-51.695,-38.351,,1.0,0.628,22,0,39,36,6,
2016+,G,250,all,12.965,2.074,-1.588,2.838,-47.81,-74.192,-72.073,0.666,1.0,0.627,22,0,48,50,6,
2016+,G,250,disc,11.245,0.839,-1.782,0.897,-47.81,-74.192,-72.073,,1.0,0.627,22,0,48,50,6,
2016+,G,250,conf,19.304,0.0,-6.814,6.187,-31.434,-42.672,-34.977,,1.0,0.627,22,0,48,50,6,
2016+,B,30,all,21.97,17.632,16.076,16.076,-47.01,-57.234,-57.234,0.855,1.582,0.949,24,0,18,6,6,
2016+,B,30,disc,21.926,16.33,12.297,12.297,-41.791,-52.205,-52.205,,1.582,0.949,24,0,18,6,6,
2016+,B,30,conf,24.137,9.906,6.29,6.29,-40.573,-57.234,-57.234,,1.582,0.949,24,0,18,6,6,
2016+,B,60,all,19.952,15.159,10.864,10.864,-44.919,-67.061,-67.061,0.804,1.976,0.949,28,0,32,12,6,
2016+,B,60,disc,17.24,10.326,8.897,8.897,-44.286,-67.061,-67.061,,1.976,0.949,28,0,32,12,6,
2016+,B,60,conf,24.867,16.525,11.614,11.614,-38.018,-51.543,-51.543,,1.976,0.949,28,0,32,12,6,
2016+,B,90,all,20.89,11.805,7.969,18.017,-48.959,-78.916,-53.2,0.852,2.0,0.949,30,0,52,18,6,
2016+,B,90,disc,18.448,4.833,0.301,11.521,-48.959,-78.916,-53.2,,2.0,0.949,30,0,52,18,6,
2016+,B,90,conf,28.93,14.948,8.334,8.334,-38.127,-48.173,-44.165,,2.0,0.949,30,0,52,18,6,
2016+,B,100,all,18.667,13.97,7.493,13.76,-50.041,-69.949,-65.961,0.76,2.0,0.949,29,0,59,20,6,
2016+,B,100,disc,16.656,9.897,2.623,6.691,-50.041,-69.949,-65.961,,2.0,0.949,29,0,59,20,6,
2016+,B,100,conf,26.174,17.551,13.213,19.07,-37.445,-47.222,-39.74,,2.0,0.949,29,0,59,20,6,
2016+,B,180,all,19.534,14.254,10.957,11.4,-48.281,-81.472,-65.276,0.826,1.979,0.949,29,0,85,36,6,
2016+,B,180,disc,18.163,7.454,2.01,2.265,-48.281,-81.472,-65.276,,1.979,0.949,29,0,85,36,6,
2016+,B,180,conf,27.857,16.705,8.767,8.767,-35.325,-45.989,-37.794,,1.979,0.949,29,0,85,36,6,
2016+,B,250,all,19.209,11.152,2.338,10.547,-49.262,-78.028,-64.951,0.803,2.0,0.948,29,0,103,50,6,
2016+,B,250,disc,15.649,7.572,-5.098,3.989,-48.715,-78.028,-64.951,,2.0,0.948,29,0,103,50,6,
2016+,B,250,conf,26.231,15.669,12.974,22.072,-33.538,-50.668,-39.345,,2.0,0.948,29,0,103,50,6,
2016+,H,30,all,12.941,6.239,3.347,3.347,-60.641,-69.579,-69.579,0.554,1.623,0.952,23,1,4,6,6,
2016+,H,30,disc,12.642,5.217,3.129,3.129,-58.26,-69.579,-69.579,,1.623,0.952,23,1,4,6,6,
2016+,H,30,conf,13.698,8.05,4.754,4.754,-52.859,-62.998,-62.998,,1.623,0.952,23,1,4,6,6,
2016+,H,60,all,17.805,10.422,6.507,10.237,-57.528,-77.492,-68.627,0.701,1.968,0.951,26,1,8,12,6,
2016+,H,60,disc,17.95,11.374,5.427,11.173,-54.456,-77.492,-68.627,,1.968,0.951,26,1,8,12,6,
2016+,H,60,conf,18.763,10.245,8.12,8.12,-46.318,-63.408,-63.408,,1.968,0.951,26,1,8,12,6,
2016+,H,90,all,18.312,13.566,12.126,12.126,-58.722,-76.644,-70.505,0.72,2.0,0.951,26,1,19,18,6,
2016+,H,90,disc,20.189,4.467,2.156,4.007,-57.724,-76.644,-70.505,,2.0,0.951,26,1,19,18,6,
2016+,H,90,conf,25.347,8.075,7.396,11.313,-42.616,-60.312,-49.305,,2.0,0.951,26,1,19,18,6,
2016+,H,100,all,20.113,15.335,14.091,14.091,-60.612,-78.755,-73.046,0.765,2.0,0.95,28,1,24,20,6,
2016+,H,100,disc,18.91,11.831,10.698,12.667,-60.612,-78.755,-73.046,,2.0,0.95,28,1,24,20,6,
2016+,H,100,conf,20.56,14.038,11.108,16.891,-42.593,-59.394,-47.44,,2.0,0.95,28,1,24,20,6,
2016+,H,180,all,24.099,10.081,-1.964,-1.964,-56.956,-92.307,-92.307,0.856,2.0,0.95,29,1,36,36,6,
2016+,H,180,disc,17.908,-1.11,-14.664,-14.664,-56.035,-92.307,-92.307,,2.0,0.95,29,1,36,36,6,
2016+,H,180,conf,30.725,19.711,8.638,23.649,-35.488,-62.648,-45.361,,2.0,0.95,29,1,36,36,6,
2016+,H,250,all,20.433,10.758,-1.733,6.409,-64.744,-86.207,-77.564,0.788,2.0,0.95,29,1,54,50,6,
2016+,H,250,disc,14.835,2.55,-9.92,3.1,-63.194,-86.207,-77.564,,2.0,0.95,29,1,54,50,6,
2016+,H,250,conf,31.582,18.548,8.633,13.161,-34.548,-53.482,-36.812,,2.0,0.95,29,1,54,50,6,
2016+,G+B,30,all,14.114,8.941,5.008,5.008,-45.038,-54.38,-54.38,0.724,1.0,0.634,21,0,17,6,6,
2016+,G+B,30,disc,9.799,2.591,1.546,1.546,-45.038,-54.38,-54.38,,1.0,0.634,21,0,17,6,6,
2016+,G+B,30,conf,29.851,14.226,11.94,11.94,-16.092,-32.324,-32.324,,1.0,0.634,21,0,17,6,6,
2016+,G+B,60,all,12.395,7.84,7.2,7.805,-49.318,-67.061,-67.061,0.627,1.0,0.633,21,0,27,12,6,
2016+,G+B,60,disc,7.356,-0.72,-1.322,-1.322,-49.318,-67.061,-67.061,,1.0,0.633,21,0,27,12,6,
2016+,G+B,60,conf,24.663,14.045,10.032,10.032,-22.992,-37.352,-37.352,,1.0,0.633,21,0,27,12,6,
2016+,G+B,90,all,12.975,5.27,4.605,8.742,-48.462,-75.104,-58.935,0.672,1.0,0.633,23,0,42,18,6,
2016+,G+B,90,disc,8.314,-1.568,-5.757,0.649,-48.462,-75.104,-58.935,,1.0,0.633,23,0,42,18,6,
2016+,G+B,90,conf,24.619,10.052,6.951,6.951,-21.137,-41.509,-39.66,,1.0,0.633,23,0,42,18,6,
2016+,G+B,100,all,12.966,6.325,1.355,3.277,-48.376,-72.536,-67.493,0.639,1.0,0.633,22,0,49,20,6,
2016+,G+B,100,disc,9.103,0.897,-4.835,-3.725,-48.376,-72.536,-67.493,,1.0,0.633,22,0,49,20,6,
2016+,G+B,100,conf,19.645,9.747,1.504,9.856,-24.242,-40.09,-32.837,,1.0,0.633,22,0,49,20,6,
2016+,G+B,180,all,13.921,6.955,5.493,6.121,-44.891,-78.748,-65.276,0.698,1.0,0.632,22,0,66,36,6,
2016+,G+B,180,disc,13.922,-0.057,-8.152,4.71,-43.841,-78.748,-65.276,,1.0,0.632,22,0,66,36,6,
2016+,G+B,180,conf,20.277,6.255,-6.375,-6.375,-31.511,-45.0,-37.993,,1.0,0.632,22,0,66,36,6,
2016+,G+B,250,all,14.182,2.858,-0.281,4.503,-46.057,-76.242,-65.277,0.704,1.0,0.631,22,0,78,50,6,
2016+,G+B,250,disc,10.865,1.195,-7.974,1.29,-46.057,-76.242,-65.277,,1.0,0.631,22,0,78,50,6,
2016+,G+B,250,conf,20.333,0.0,-2.699,5.866,-30.51,-39.865,-33.069,,1.0,0.631,22,0,78,50,6,
2016+,G+H,30,all,12.234,9.11,7.167,7.167,-58.81,-66.178,-66.178,0.595,1.0,0.645,21,1,4,6,6,
2016+,G+H,30,disc,10.927,0.55,-0.143,-0.143,-57.84,-66.178,-66.178,,1.0,0.645,21,1,4,6,6,
2016+,G+H,30,conf,20.094,12.586,11.908,11.908,-30.323,-47.076,-47.076,,1.0,0.645,21,1,4,6,6,
2016+,G+H,60,all,16.582,10.921,9.435,10.645,-50.353,-81.458,-58.682,0.755,1.0,0.644,23,1,8,12,6,
2016+,G+H,60,disc,17.994,3.29,1.947,2.475,-50.136,-81.458,-56.913,,1.0,0.644,23,1,8,12,6,
2016+,G+H,60,conf,18.724,12.095,6.764,6.764,-28.215,-42.778,-42.778,,1.0,0.644,23,1,8,12,6,
2016+,G+H,90,all,16.824,10.755,9.865,9.865,-51.451,-71.429,-71.429,0.75,1.0,0.643,24,1,15,18,6,
2016+,G+H,90,disc,19.589,7.801,6.247,6.247,-51.451,-71.429,-71.429,,1.0,0.643,24,1,15,18,6,
2016+,G+H,90,conf,16.521,9.696,3.479,3.479,-27.51,-56.441,-39.534,,1.0,0.643,24,1,15,18,6,
2016+,G+H,100,all,17.418,4.5,1.432,2.97,-53.287,-73.479,-62.013,0.743,1.0,0.643,25,1,19,20,6,
2016+,G+H,100,disc,16.948,5.399,-5.341,-5.341,-53.287,-73.479,-62.013,,1.0,0.643,25,1,19,20,6,
2016+,G+H,100,conf,17.282,5.563,-4.669,6.018,-30.332,-45.478,-39.148,,1.0,0.643,25,1,19,20,6,
2016+,G+H,180,all,17.981,4.948,-0.969,3.595,-47.762,-90.864,-54.002,0.794,1.0,0.642,26,1,29,36,6,
2016+,G+H,180,disc,18.346,6.585,-6.527,11.69,-44.811,-90.864,-52.613,,1.0,0.642,26,1,29,36,6,
2016+,G+H,180,conf,20.384,-0.978,-13.04,-13.04,-32.366,-54.422,-41.027,,1.0,0.642,26,1,29,36,6,
2016+,G+H,250,all,16.98,1.485,-6.452,9.866,-45.473,-86.207,-60.539,0.736,1.0,0.641,26,1,39,50,6,
2016+,G+H,250,disc,13.497,-0.889,-14.478,1.346,-44.276,-86.207,-60.539,,1.0,0.641,26,1,39,50,6,
2016+,G+H,250,conf,24.359,-0.123,-6.428,5.53,-30.75,-53.482,-36.812,,1.0,0.641,26,1,39,50,6,
2016+,B+H,30,all,18.013,11.457,9.386,9.386,-52.734,-65.018,-65.018,0.745,1.502,0.968,25,2,23,6,6,
2016+,B+H,30,disc,13.706,7.326,3.616,3.616,-52.734,-65.018,-65.018,,1.502,0.968,25,2,23,6,6,
2016+,B+H,30,conf,23.407,19.633,18.965,18.965,-43.633,-48.329,-48.329,,1.502,0.968,25,2,23,6,6,
2016+,B+H,60,all,20.796,8.237,4.661,7.086,-50.239,-77.45,-71.738,0.855,1.828,0.968,30,3,36,12,6,
2016+,B+H,60,disc,18.128,3.134,-2.296,2.325,-50.239,-77.45,-71.738,,1.828,0.968,30,3,36,12,6,
2016+,B+H,60,conf,28.903,17.813,16.479,17.629,-42.878,-48.63,-47.6,,1.828,0.968,30,3,36,12,6,
2016+,B+H,90,all,20.414,16.266,10.531,10.531,-53.746,-72.618,-72.618,0.828,1.874,0.968,30,3,57,18,6,
2016+,B+H,90,disc,17.979,9.955,0.882,0.882,-53.746,-72.618,-72.618,,1.874,0.968,30,3,57,18,6,
2016+,B+H,90,conf,28.737,15.474,13.966,15.414,-38.277,-52.133,-45.549,,1.874,0.968,30,3,57,18,6,
2016+,B+H,100,all,20.273,14.399,12.698,17.253,-54.554,-77.8,-71.324,0.83,1.89,0.968,33,3,66,20,6,
2016+,B+H,100,disc,16.781,10.914,7.896,14.535,-54.554,-77.8,-71.324,,1.89,0.968,33,3,66,20,6,
2016+,B+H,100,conf,28.663,20.623,14.538,22.44,-37.405,-48.928,-43.381,,1.89,0.968,33,3,66,20,6,
2016+,B+H,180,all,23.355,10.098,-0.974,-0.974,-54.59,-92.532,-91.689,0.9,1.889,0.967,34,3,104,36,6,
2016+,B+H,180,disc,17.989,-1.727,-15.669,-15.669,-54.59,-92.532,-91.689,,1.889,0.967,34,3,104,36,6,
2016+,B+H,180,conf,33.507,22.55,15.723,26.676,-33.194,-41.061,-38.367,,1.889,0.967,34,3,104,36,6,
2016+,B+H,250,all,19.132,14.716,7.209,13.474,-63.901,-84.907,-72.966,0.822,1.947,0.967,34,2,128,50,6,
2016+,B+H,250,disc,13.746,3.989,-0.331,4.198,-63.901,-84.907,-72.966,,1.947,0.967,34,2,128,50,6,
2016+,B+H,250,conf,33.624,23.741,17.938,23.599,-33.234,-40.542,-36.679,,1.947,0.967,34,2,128,50,6,
2016+,G+B+H,30,all,13.915,11.961,11.101,11.101,-46.471,-62.657,-62.657,0.723,1.0,0.655,23,1,21,6,6,
2016+,G+B+H,30,disc,9.636,3.377,-0.286,-0.286,-46.471,-62.657,-62.657,,1.0,0.655,23,1,21,6,6,
2016+,G+B+H,30,conf,28.717,17.973,16.868,16.868,-19.013,-36.898,-36.898,,1.0,0.655,23,1,21,6,6,
2016+,G+B+H,60,all,16.758,10.645,7.353,10.171,-45.048,-79.995,-55.222,0.828,1.0,0.654,25,2,30,12,6,
2016+,G+B+H,60,disc,15.539,4.027,-4.473,3.368,-45.048,-79.995,-55.222,,1.0,0.654,25,2,30,12,6,
2016+,G+B+H,60,conf,27.86,11.7,11.358,11.358,-21.926,-37.65,-37.099,,1.0,0.654,25,2,30,12,6,
2016+,G+B+H,90,all,16.699,13.867,11.709,14.807,-45.867,-75.208,-75.208,0.843,1.0,0.654,26,2,47,18,6,
2016+,G+B+H,90,disc,14.791,9.041,4.405,13.593,-45.867,-75.208,-75.208,,1.0,0.654,26,2,47,18,6,
2016+,G+B+H,90,conf,22.924,14.062,8.595,8.595,-22.09,-45.191,-36.819,,1.0,0.654,26,2,47,18,6,
2016+,G+B+H,100,all,14.809,8.515,0.11,8.554,-50.159,-76.662,-65.695,0.737,1.0,0.654,28,2,54,20,6,
2016+,G+B+H,100,disc,13.636,2.644,0.503,0.503,-50.159,-76.662,-65.695,,1.0,0.654,28,2,54,20,6,
2016+,G+B+H,100,conf,20.562,8.632,-0.733,9.192,-25.845,-39.225,-36.089,,1.0,0.654,28,2,54,20,6,
2016+,G+B+H,180,all,16.61,8.624,0.847,3.011,-40.806,-90.852,-58.82,0.791,1.0,0.653,29,2,79,36,6,
2016+,G+B+H,180,disc,16.549,5.821,-9.928,8.581,-39.876,-90.852,-58.82,,1.0,0.653,29,2,79,36,6,
2016+,G+B+H,180,conf,21.955,6.261,-5.909,-5.909,-31.544,-41.663,-35.655,,1.0,0.653,29,2,79,36,6,
2016+,G+B+H,250,all,16.425,5.232,-5.796,11.107,-45.856,-84.907,-62.024,0.852,1.0,0.652,29,2,95,50,6,
2016+,G+B+H,250,disc,11.864,-1.161,-10.909,1.358,-45.856,-84.907,-62.024,,1.0,0.652,29,2,95,50,6,
2016+,G+B+H,250,conf,26.74,-0.025,-2.207,9.258,-29.279,-38.335,-36.679,,1.0,0.652,29,2,95,50,6,
2016+,EW market,30,all,15.041,14.412,14.154,14.154,-54.612,-55.464,-55.464,0.838,0.357,0.998,129,13,272,6,6,
2016+,EW market,30,disc,13.242,12.358,11.848,11.848,-54.612,-55.464,-55.464,,0.357,0.998,129,13,272,6,6,
2016+,EW market,30,conf,19.153,18.851,18.772,18.772,-26.629,-26.719,-26.719,,0.357,0.998,129,13,272,6,6,
2016+,EW market,60,all,14.538,14.123,13.977,14.097,-54.545,-55.643,-55.643,0.816,0.436,0.998,143,17,513,12,6,
2016+,EW market,60,disc,12.091,11.678,11.364,11.675,-54.545,-55.643,-55.643,,0.436,0.998,143,17,513,12,6,
2016+,EW market,60,conf,19.49,19.022,18.827,19.015,-26.633,-27.151,-27.086,,0.436,0.998,143,17,513,12,6,
2016+,EW market,90,all,14.512,13.947,13.514,13.857,-54.272,-55.555,-55.555,0.816,0.489,0.998,138,15,728,18,6,
2016+,EW market,90,disc,11.88,11.301,10.772,11.29,-54.272,-55.555,-55.555,,0.489,0.998,138,15,728,18,6,
2016+,EW market,90,conf,19.851,19.18,19.14,19.194,-26.575,-27.257,-27.18,,0.489,0.998,138,15,728,18,6,
2016+,EW market,100,all,14.472,13.978,13.88,13.88,-54.128,-55.539,-55.539,0.814,0.5,0.998,148,14,806,20,6,
2016+,EW market,100,disc,11.96,11.167,10.921,11.169,-54.128,-55.539,-55.539,,0.5,0.998,148,14,806,20,6,
2016+,EW market,100,conf,19.901,19.498,19.394,19.462,-26.498,-27.135,-27.135,,0.5,0.998,148,14,806,20,6,
2016+,EW market,180,all,14.993,14.479,14.184,14.484,-54.212,-56.612,-56.612,0.84,0.61,0.998,152,15,1411,36,6,
2016+,EW market,180,disc,12.67,11.716,10.891,11.254,-54.212,-56.612,-56.612,,0.61,0.998,152,15,1411,36,6,
2016+,EW market,180,conf,20.272,19.616,18.942,19.309,-26.438,-27.055,-26.938,,0.61,0.998,152,15,1411,36,6,
2016+,EW market,250,all,14.986,14.417,13.931,14.417,-53.718,-56.47,-56.47,0.84,0.689,0.998,162,16,1930,50,6,
2016+,EW market,250,disc,12.457,10.951,10.03,11.31,-53.718,-56.47,-56.47,,0.689,0.998,162,16,1930,50,6,
2016+,EW market,250,conf,20.282,19.749,19.586,19.703,-26.158,-28.366,-28.012,,0.689,0.998,162,16,1930,50,6,
