slice,band,trades,stocks,avg,median,hit50,market,beat_mkt,beat_mkt_share
2023+|3m,<5%,218.0,90.0,6.197077356615733,-0.09195116898301726,14.678899082568808,2.95392875221408,3.2431486044016538,44.4954128440367
2023+|3m,5-10%,73.0,46.0,10.100148539733045,5.937511228217252,16.43835616438356,4.057636103974311,6.042512435758736,60.273972602739725
2023+|3m,10-15%,32.0,30.0,14.556245008523664,12.285419147558807,28.125,4.405108144139421,10.151136864384243,46.875
2023+|3m,15-20%,11.0,10.0,7.424973861327311,-7.697629836179843,27.27272727272727,2.8985903399901147,4.526383521337197,36.36363636363637
2023+|3m,20-30%,19.0,17.0,4.2963364071730785,-2.1000000000000014,15.789473684210526,2.3496484104849924,1.9466879966880857,42.10526315789473
2023+|3m,30-50%,21.0,18.0,-5.322840628185508,-11.704939616816478,14.285714285714285,1.681680086216895,-7.004520714402404,38.095238095238095
2023+|3m,50%+,6.0,6.0,3.8234384892504414,3.1191878370866686,16.666666666666664,1.018347712300049,2.805090776950391,50.0
2023+|3m,no period stated,286.0,129.0,8.485923004113117,3.66245259165613,17.132867132867133,4.206754048641534,4.279168955471582,49.3006993006993
2023+|6m,<5%,189.0,79.0,12.87478789096022,1.4146341463414762,30.158730158730158,5.9184290833187365,6.956358807641484,45.5026455026455
2023+|6m,5-10%,64.0,43.0,27.415111818330274,16.867950648763706,46.875,7.851073367675873,19.564038450654397,64.0625
2023+|6m,10-15%,31.0,29.0,18.42330912856197,-1.237647877522607,38.70967741935484,9.15110977905154,9.272199349510434,35.483870967741936
2023+|6m,15-20%,8.0,7.0,24.108505038138865,27.86016906553175,50.0,10.936491640294458,13.17201339784441,62.5
2023+|6m,20-30%,16.0,14.0,31.131001627398636,-2.5199484546450317,37.5,4.896942671173981,26.234058956224654,56.25
2023+|6m,30-50%,19.0,17.0,-0.12581470482799842,-6.172856779445434,26.31578947368421,5.3572707052943125,-5.483085410122312,36.84210526315789
2023+|6m,50%+,5.0,5.0,29.79235000801473,8.828185328185334,40.0,0.4559797790367126,29.336370228978016,60.0
2023+|6m,no period stated,266.0,123.0,18.5910777678719,10.742359418879365,34.21052631578947,10.101471320654463,8.489606447217444,54.51127819548872
2023+|9m,<5%,165.0,74.0,16.73837408175414,-1.5879949049994564,35.75757575757576,8.537656837970136,8.200717243784009,47.878787878787875
2023+|9m,5-10%,58.0,41.0,36.80341430912335,19.322368779865673,53.44827586206896,11.86549351997571,24.937920789147633,58.620689655172406
2023+|9m,10-15%,29.0,27.0,18.764139094872803,-5.273834377174668,48.275862068965516,11.46211148888017,7.302027605992636,34.48275862068966
2023+|9m,15-20%,8.0,7.0,11.722822656595145,11.558108945895674,50.0,13.936486386249229,-2.2136637296540833,50.0
2023+|9m,20-30%,14.0,13.0,32.345458565061065,15.560632183908046,50.0,7.117938480225364,25.227520084835703,50.0
2023+|9m,30-50%,16.0,14.0,21.11519104360749,-5.980416077322015,37.5,10.884633275620939,10.23055776798655,37.5
2023+|9m,50%+,3.0,3.0,144.3377585817708,6.048262548262551,33.33333333333333,-2.0467350792489465,146.38449366101975,66.66666666666666
2023+|9m,no period stated,235.0,115.0,26.56767366299566,11.071494226460599,45.53191489361702,13.812150948548412,12.75552271444725,51.91489361702127
2023+|12m,<5%,151.0,72.0,22.39197135729773,3.5774125132555743,44.370860927152314,11.455760837817506,10.936210519480225,50.331125827814574
2023+|12m,5-10%,50.0,38.0,40.21225393951942,25.8009948374617,62.0,12.629377719044557,27.582876220474855,62.0
2023+|12m,10-15%,23.0,22.0,24.508457662211452,13.625874125874116,56.52173913043478,16.68380567593313,7.824651986278326,56.52173913043478
2023+|12m,15-20%,6.0,6.0,-6.3620109872978405,1.774954636177034,66.66666666666666,3.1241215883948303,-9.48613257569267,50.0
2023+|12m,20-30%,11.0,10.0,71.08071686168147,26.429460580912856,63.63636363636363,12.808678933970082,58.272037927711374,54.54545454545454
2023+|12m,30-50%,16.0,14.0,28.344108954447083,-8.44378245067498,43.75,14.714142114444797,13.629966840002286,31.25
2023+|12m,50%+,3.0,3.0,107.26326446289679,-6.994208494208487,33.33333333333333,-3.2180315455831074,110.48129600847989,33.33333333333333
2023+|12m,no period stated,210.0,107.0,35.33918538928775,13.842074698942486,54.285714285714285,17.661925737965355,17.677259651322398,53.333333333333336
2023+|18m,<5%,102.0,55.0,44.99020167753831,11.007290341810883,58.82352941176471,21.970725530403833,23.019476147134476,50.0
2023+|18m,5-10%,39.0,29.0,47.590401962956506,26.28581208127202,74.35897435897436,20.763290819617545,26.827111143338954,53.84615384615385
2023+|18m,10-15%,16.0,16.0,31.749545840535088,7.492660925729533,68.75,25.768087660431547,5.981458180103538,37.5
2023+|18m,15-20%,6.0,6.0,31.027870103023954,14.23484430496728,66.66666666666666,12.132937439434901,18.89493266358905,50.0
2023+|18m,20-30%,8.0,7.0,73.39447607741405,31.0539501039501,75.0,16.791835901242962,56.60264017617109,75.0
2023+|18m,30-50%,12.0,11.0,83.20816960241707,-19.375611850083335,50.0,13.768389543194518,69.43978005922254,25.0
2023+|18m,50%+,2.0,2.0,-33.07778739403158,-33.07778739403158,0.0,-0.40925073938317647,-32.668536654648406,0.0
2023+|18m,no period stated,166.0,91.0,61.933336330200575,21.377904625671896,66.86746987951807,28.596519514451195,33.33681681574937,56.024096385542165
all years 2016+|3m,<5%,274.0,99.0,5.988111462836031,0.186278491307446,13.503649635036496,3.037963892595802,2.9501475702402296,44.52554744525548
all years 2016+|3m,5-10%,101.0,59.0,8.134529262094254,5.7481536189069375,14.85148514851485,2.994474957409974,5.140054304684282,56.43564356435643
all years 2016+|3m,10-15%,42.0,36.0,13.516929715652562,9.42914099239822,23.809523809523807,5.448443287452648,8.068486428199915,47.61904761904761
all years 2016+|3m,15-20%,21.0,19.0,1.9957051910722585,-4.661631419939571,14.285714285714285,2.568827728584689,-0.5731225375124307,38.095238095238095
all years 2016+|3m,20-30%,27.0,24.0,6.413967284078822,4.84522883554025,11.11111111111111,2.6288702933301833,3.7850969907486385,48.148148148148145
all years 2016+|3m,30-50%,27.0,22.0,-5.376460505574563,-11.704939616816478,11.11111111111111,1.3023556216326349,-6.678816127207199,33.33333333333333
all years 2016+|3m,50%+,11.0,9.0,-0.05571595874402621,1.3687258687258623,9.090909090909092,3.6295376406050246,-3.6852535993490503,36.36363636363637
all years 2016+|3m,no period stated,534.0,172.0,5.699634398015566,0.8767966012855569,15.355805243445692,3.0885508755142235,2.611083522501341,47.752808988764045
all years 2016+|6m,<5%,245.0,89.0,12.485447593713754,2.2677029360967165,28.97959183673469,6.066714275194844,6.418733318518909,48.57142857142857
all years 2016+|6m,5-10%,92.0,56.0,20.332402358639843,12.759455075493054,39.130434782608695,6.746926755461606,13.585475603178246,58.69565217391305
all years 2016+|6m,10-15%,41.0,35.0,18.575705853463884,2.5619728639530663,36.58536585365854,12.096443151169568,6.479262702294314,34.146341463414636
all years 2016+|6m,15-20%,18.0,16.0,9.238048451151275,2.440334849230486,27.77777777777778,6.212068969908375,3.0259794812429006,44.44444444444444
all years 2016+|6m,20-30%,24.0,21.0,27.889293724701865,16.270226754327133,37.5,6.128518235019173,21.76077548968269,58.333333333333336
all years 2016+|6m,30-50%,25.0,21.0,-1.9011935945956835,-6.172856779445434,24.0,4.515238351680427,-6.41643194627611,28.000000000000004
all years 2016+|6m,50%+,10.0,8.0,10.421207021106298,2.9653502314962887,20.0,3.3248279685752045,7.096379052531095,40.0
all years 2016+|6m,no period stated,514.0,166.0,12.520833960672368,4.933622483729839,28.793774319066145,7.321894820893987,5.198939139778378,51.9455252918288
all years 2016+|9m,<5%,221.0,84.0,17.80327012762721,3.995412844036695,35.294117647058826,9.932965916924683,7.8703042107025265,47.963800904977376
all years 2016+|9m,5-10%,86.0,54.0,29.989063670422482,17.357154017870926,45.348837209302324,12.280120604678531,17.70894306574395,53.48837209302325
all years 2016+|9m,10-15%,39.0,33.0,25.315547258348538,3.780059376546275,46.15384615384615,17.274920017343494,8.04062724100504,35.8974358974359
all years 2016+|9m,15-20%,18.0,16.0,8.959390866524192,11.069960441860827,27.77777777777778,8.5979117356837,0.3614791308404895,55.55555555555556
all years 2016+|9m,20-30%,22.0,20.0,32.61654410157024,17.47488459287402,45.45454545454545,9.138888339610864,23.47765576195937,54.54545454545454
all years 2016+|9m,30-50%,22.0,18.0,11.893805067164113,-9.102167705088265,31.818181818181817,8.460712735135976,3.4330923320281377,31.818181818181817
all years 2016+|9m,50%+,8.0,6.0,40.92733663526113,-1.359855653973307,12.5,-2.766436235875783,43.69377287113692,37.5
all years 2016+|9m,no period stated,483.0,159.0,18.975725427734716,3.387158600862462,39.130434782608695,11.488610031295043,7.4871153964396715,50.31055900621118
all years 2016+|12m,<5%,207.0,82.0,24.508121721917135,4.265624999999996,42.99516908212561,14.028512157331896,10.479609564585243,49.75845410628019
all years 2016+|12m,5-10%,78.0,51.0,33.00859185139785,11.16133609216925,53.84615384615385,15.312732377683721,17.695859473714133,53.84615384615385
all years 2016+|12m,10-15%,33.0,28.0,44.22028857031221,14.368876793666507,57.57575757575758,25.627433845353035,18.59285472495919,54.54545454545454
all years 2016+|12m,15-20%,16.0,15.0,0.5518481702779952,-3.176645291180729,43.75,8.984609812366518,-8.432761642088526,37.5
all years 2016+|12m,20-30%,19.0,17.0,53.13968634562399,13.016666666666666,57.89473684210527,11.511225119413963,41.628461226210035,52.63157894736842
all years 2016+|12m,30-50%,22.0,18.0,15.61515507307019,-11.590530303030306,36.36363636363637,9.270987538066878,6.344167535003307,36.36363636363637
all years 2016+|12m,50%+,8.0,6.0,25.24227398058459,-9.964424508542152,25.0,1.4856937755417778,23.756580205042813,37.5
all years 2016+|12m,no period stated,458.0,151.0,28.562264569935763,5.725406994495919,45.414847161572055,15.93295043569942,12.629314134236338,49.56331877729257
all years 2016+|18m,<5%,158.0,67.0,54.45050071784663,21.904199552249604,59.49367088607595,28.408640671233883,26.04186004661274,50.0
all years 2016+|18m,5-10%,67.0,42.0,43.62288420355989,26.28581208127202,62.68656716417911,33.33140280332611,10.291481400233787,47.76119402985074
all years 2016+|18m,10-15%,26.0,23.0,69.55424587472827,7.492660925729533,69.23076923076923,40.2349724591676,29.31927341556066,42.30769230769231
all years 2016+|18m,15-20%,16.0,15.0,18.22601479388107,-4.501885953780732,43.75,20.73394396913474,-2.5079291752536723,31.25
all years 2016+|18m,20-30%,16.0,14.0,44.78944048438568,9.346185522323358,62.5,15.13169432885418,29.657746155531505,56.25
all years 2016+|18m,30-50%,18.0,16.0,53.67197038998044,-19.375611850083335,44.44444444444444,7.203790487481407,46.46817990249904,27.77777777777778
all years 2016+|18m,50%+,7.0,6.0,2.296859579179032,-17.22586872586872,28.57142857142857,13.37057425438782,-11.073714675208791,14.285714285714285
all years 2016+|18m,no period stated,414.0,137.0,48.27454960886851,17.608424654447884,56.038647342995176,28.66477724340687,19.609772365461634,48.55072463768116
