sample,symbol,seq_id,d,order_amount_cr,ratio,exec_months,exec_snip,jv,jv_pct,gst,kind,aggregate
random filing with a period,MICEL,105777067,2024-03-06,1.769483187,,6.0,ational domestic f. time period by which the orders are to 6 months from the ,False,,unknown,loa,False
random filing with a period,KNACK,106806059,2026-10-02,,,26.907894736842106,"time period by which the order/contract is contract till december, 2028 to be exe",False,,unknown,other,False
random filing with a period,RITES,106003389,2024-09-27,100.0,,60.0,ational domestic f) time period by which the order(s)/contract(s) 5 years from the ,False,,excl,loi,False
random filing with a period,LT,105172556,2021-12-14,,,30.0,tal in cuttack. the duration of this epc project is 30 months. the proj,False,,unknown,other,False
random filing with a period,DBL,106381026,2025-09-23,1115.37,,42.0,ational domestic 6. time period by which the order(s) / 42 months contract(,True,,excl,l1,False
random filing with a period,RAJESHEXPO,101650543,2017-03-29,887.0,,3.980263157894737,to be completed by july 2017. company ,False,,unknown,other,False
random filing with a period,PIGL,106334575,2025-08-11,70.5499997,,12.0,ernational domestic time period by which the 6 order(s)/contract(s) is to be 12 months executed ,False,,incl,po_wo,False
random filing with a period,HFCL,105757208,2024-02-13,179.0,,18.486842105263158,to be executed f) broad consideration or size of the by august 2025 order(s)/,False,,unknown,po_wo,False
random filing with a period,IRCON,106200809,2025-04-11,127.803611549,,24.0,onal; domestic work time period by which the 24 months from the ,False,,unknown,loa,False
random filing with a period,MICEL,105508382,2023-05-24,4.9588201,,12.0,ational domestic f. time period by which the orders are to 12 months from the ,False,,unknown,loa,False
random filing with a period,PROSTARM,106371487,2025-09-11,158.68,,60.0,ernational domestic time period by which the 5 years and 6 mon,False,,unknown,loi,False
random filing with a period,AARVI,106589333,2026-04-14,38.5,,24.0," may 01, 2026 for a duration of 2 years, as per t",False,,unknown,po_wo,False
random filing with a period,BHEL,106538367,2026-02-17,1200.0,,39.0,y: global tender f) time period by which the order(s)/contract(s) is to be executed; reply: commissioning of cpp package within 39 months from the ,False,,excl,loa,False
random filing with a period,TARIL,105859072,2024-05-23,197.0,,18.0,"ts (if any), cables time period by which the the entire work shall be completed within order(s)/contract(s) is to be executed; 18 months from date",False,,unknown,loa,False
random filing with a period,WAAREERTL,106554078,2026-03-10,,,24.736842105263158,"time period by which the the project is scheduled to be order(s)/contract(s) is to be executed completed during the financial year 2027-28, as per t",False,,unknown,loi,False
random filing with a period,MARINE,5074303,2022-08-10,12.99,,3.0,- navi mumbai. the delivery of the said goods shall be made over a period of 3 months. please n,False,,excl,other,False
random filing with a period,NCC,106297264,2025-07-11,2269.0,,24.0,national domestic 6 time period by which the construction – 24 months order(s)/,False,,excl,loa,False
random filing with a period,NCC,104492405,2020-09-02,1548.0,,18.0,above projects need to be executed wath in a period 18 months to 30 mon,False,,excl,other,False
random filing with a period,NEWGEN,106468329,2025-12-15,,,24.0, post go live. (vi) time period by which the : 2 years order(s)/,False,,incl,other,False
random filing with a period,ALMONDZ,106268931,2025-06-13,14.2,,10.0, in uttar pradesh 6 time period by which the 10 months order(s)/,False,,incl,po_wo,False
random filing with a period,MARINE,105747506,2024-02-05,22.82,,3.0, realty private limited for lt panel. the delivery shall be over a period of 3 months. 2. order,False,,excl,other,False
random filing with a period,GANESHBE,106191099,2025-04-01,169.24,,27.0,y which the approx. 27 months from order(s)/contract(s) is to be executed commencem,False,,excl,other,False
random filing with a period,MARINE,105868206,2024-05-30,10.35,,26.0,pply of data distribution unit (ddu). the delivery shall be over a period of 26 months. please n,False,,unknown,other,False
random filing with a period,SJVN,105750876,2024-02-07,1100.0,,18.0,option of tariff by gerc. the project shall be commissioned in a period of 18 months from the ,True,,unknown,loi,False
random filing with a period,NIRAJ,106493221,2026-01-09,46.52,,18.0,tional; domestic 6. time period by which the order(s)/ 18 months contract(,True,,incl,po_wo,False
random filing with a period,RPPINFRA,101626754,2017-03-21,45.6,,24.0,r worth rs. 456 million. the said work is to _ be completed within 24 months. : ' mr. ,False,,unknown,other,False
random filing with a period,TEXRAIL,106638252,2026-05-23,28.58,,6.0,ational domestic 6. time period by which the order(s) / within 6 months from date,False,,incl,loa,False
random filing with a period,PACEDIGITK,106540262,2026-02-19,89.06900000000002,,8.0,/contract(s) within 8 months from the letter of award is to be executed 7. bro ad,False,,incl,loa,False
random filing with a period,VIKRAN,106435811,2025-11-10,1641.91,,11.0,ational; domestic 6 time period by which the 11 months order(s)/,False,,excl,loa,False
random filing with a period,WELCORP,5032540,2022-05-20,,,12.0,"r little rock plant in the us and the same will be executed over a period of 12 months, commenci",False,,unknown,other,False
largest-ratio trade,OLECTRA,105549254,2023-07-07,10000.0,9.167912891625734,24.0,"period of 12 years (contract period) respectively. evey shall procure these buses from olectra greentech limited (""olectra"") and which shall be delivered over a period of 24 months. value of",True,,unknown,loi,False
largest-ratio trade,SIGNATURE,106575026,2026-03-30,14000.0,6.968530117987171,,,True,50.0,unknown,other,False
largest-ratio trade,ADSL,105048800,2021-08-25,650.0,6.697578567748583,,,False,,unknown,other,False
largest-ratio trade,OLECTRA,5034062,2022-05-23,3675.0,6.1946140401475045,12.0,"period of 12 years (contract period). evey shall procure (either directly by itself or through its special purpose vehicle) these 2,100 electric buses from olectra greentech limited (olectra) and which shall be delivered over a period of 12",False,,unknown,loa,False
largest-ratio trade,IRB,105177187,2021-12-17,36230.0,5.802398897163042,,,False,20.0,unknown,loa,False
largest-ratio trade,DBL,102854670,2018-08-08,32156.04,4.151375036698556,660.0,156.04 crores for a tenure of55 years. in conti,True,,excl,loa,False
largest-ratio trade,RKFORGE,105531634,2023-06-16,12226.5,3.8800790429842875,,,True,,unknown,other,False
largest-ratio trade,DBL,102934913,2018-09-12,32156.04,3.7750306195503613,60.0,"iect contract value contract period mine reserve (lnr in cr.) (miuion metrictons) mine developer cum operator for 32,156,o4 5 years or till 3",True,74.0,excl,other,False
largest-ratio trade,GENUSPOWER,105411129,2023-01-30,2855.96,3.649397380984023,,,False,,unknown,loa,True
largest-ratio trade,TEXRAIL,5027700,2022-05-11,6450.0,3.622191804546754,,,False,,unknown,other,False
largest-ratio trade,GENUSPOWER,105639486,2023-10-09,3115.01,3.5299367707063563,,,False,,unknown,loa,False
largest-ratio trade,OMINFRAL,105232839,2022-02-08,1051.0,3.455712463679673,,,False,80.0,unknown,loa,False
